{
	"credit": "Made with Blockbench",
	"textures": {
		"0": "block/anvil",
		"1": "block/polished_andesite",
		"3": "block/smooth_basalt",
		"4": "block/acacia_log",
		"6": "block/diorite",
		"particle": "block/anvil"
	},
	"elements": [
		{
			"from": [6.75, 10, 6],
			"to": [24, 12, 8],
			"rotation": {"angle": 0, "axis": "y", "origin": [6.75, 0, 0]},
			"faces": {
				"north": {"uv": [0, 0, 16, 2], "texture": "#0"},
				"east": {"uv": [0, 0, 2, 2], "texture": "#0"},
				"south": {"uv": [0, 0, 16, 2], "texture": "#0"},
				"west": {"uv": [0, 0, 2, 2], "texture": "#0"},
				"up": {"uv": [0, 0, 16, 2], "texture": "#0"},
				"down": {"uv": [0, 0, 16, 2], "texture": "#0"}
			}
		},
		{
			"from": [14.25, 10, 5.75],
			"to": [17.5, 11.5, 6],
			"rotation": {"angle": 0, "axis": "y", "origin": [6.75, 0, 0]},
			"faces": {
				"north": {"uv": [4, 5, 7, 6.5], "texture": "#6"},
				"east": {"uv": [4, 5, 7, 6.5], "texture": "#6"},
				"south": {"uv": [4, 5, 7, 6.5], "texture": "#6"},
				"west": {"uv": [4, 5, 7, 6.5], "texture": "#6"},
				"up": {"uv": [4, 5, 7, 6.5], "texture": "#6"},
				"down": {"uv": [4, 5, 7, 6.5], "texture": "#6"}
			}
		},
		{
			"from": [11.25, 10.75, 5.5],
			"to": [11.5, 11, 5.75],
			"rotation": {"angle": 0, "axis": "y", "origin": [6.75, 0, 0]},
			"faces": {
				"north": {"uv": [0, 0, 0.25, 0.25], "texture": "#6"},
				"east": {"uv": [0, 0, 0.25, 0.25], "texture": "#6"},
				"south": {"uv": [0, 0, 0.25, 0.25], "texture": "#6"},
				"west": {"uv": [0, 0, 0.25, 0.25], "texture": "#6"},
				"up": {"uv": [0, 0, 0.25, 0.25], "texture": "#6"},
				"down": {"uv": [0, 0, 0.25, 0.25], "texture": "#6"}
			}
		},
		{
			"from": [10.75, 11, 5.5],
			"to": [11, 11.25, 5.75],
			"rotation": {"angle": 0, "axis": "y", "origin": [6.75, 0, 0]},
			"faces": {
				"north": {"uv": [0, 0, 0.25, 0.25], "texture": "#6"},
				"east": {"uv": [0, 0, 0.25, 0.25], "texture": "#6"},
				"south": {"uv": [0, 0, 0.25, 0.25], "texture": "#6"},
				"west": {"uv": [0, 0, 0.25, 0.25], "texture": "#6"},
				"up": {"uv": [0, 0, 0.25, 0.25], "texture": "#6"},
				"down": {"uv": [0, 0, 0.25, 0.25], "texture": "#6"}
			}
		},
		{
			"from": [18.25, 12, 6.5],
			"to": [23.75, 12.25, 7.5],
			"rotation": {"angle": 0, "axis": "y", "origin": [6.75, 0, 0]},
			"faces": {
				"north": {"uv": [1, 1, 8.5, 1.5], "texture": "#1"},
				"east": {"uv": [0, 0, 0.5, 0.25], "texture": "#1"},
				"south": {"uv": [0, 0, 5.5, 0.25], "texture": "#1"},
				"west": {"uv": [0, 0, 0.5, 0.25], "texture": "#1"},
				"up": {"uv": [0, 0, 5.5, 0.5], "texture": "#1"},
				"down": {"uv": [0, 0, 5.5, 0.5], "texture": "#missing"}
			}
		},
		{
			"from": [12.75, 12, 6.5],
			"to": [18.25, 13, 7.5],
			"rotation": {"angle": 0, "axis": "y", "origin": [6.75, 0, 0]},
			"faces": {
				"north": {"uv": [1, 1, 8.5, 2.25], "texture": "#1"},
				"east": {"uv": [0, 0, 0.75, 1], "texture": "#1"},
				"south": {"uv": [0, 0, 5.5, 1], "texture": "#1"},
				"west": {"uv": [0, 0, 0.75, 1], "texture": "#1"},
				"up": {"uv": [0, 0, 5.5, 0.75], "texture": "#1"},
				"down": {"uv": [0, 0, 5.5, 0.75], "texture": "#missing"}
			}
		},
		{
			"from": [6, 13, 6.5],
			"to": [7.75, 14.5, 7.5],
			"rotation": {"angle": -22.5, "axis": "z", "origin": [6.75, 0, 0]},
			"faces": {
				"north": {"uv": [1, 1, 5, 2.75], "texture": "#1"},
				"east": {"uv": [0, 0, 0.75, 1.5], "texture": "#1"},
				"south": {"uv": [0, 0, 2, 1.5], "texture": "#1"},
				"west": {"uv": [0, 0, 0.75, 1.5], "texture": "#1"},
				"up": {"uv": [0, 0, 2, 0.75], "texture": "#1"},
				"down": {"uv": [0, 0, 2, 0.75], "texture": "#missing"}
			}
		},
		{
			"from": [12.75, 8.75, 6.5],
			"to": [16.5, 11, 7.5],
			"rotation": {"angle": 22.5, "axis": "z", "origin": [6.75, 0, 0]},
			"faces": {
				"north": {"uv": [1, 1, 6.75, 3.5], "texture": "#1"},
				"east": {"uv": [0, 0, 0.75, 2.25], "texture": "#1"},
				"south": {"uv": [0, 0, 3.75, 2.25], "texture": "#1"},
				"west": {"uv": [0, 0, 0.75, 2.25], "texture": "#1"},
				"up": {"uv": [0, 0, 3.75, 0.75], "texture": "#1"},
				"down": {"uv": [0, 0, 3.75, 0.75], "texture": "#missing"}
			}
		},
		{
			"from": [21.75, 12.25, 6.5],
			"to": [24, 12.75, 7.5],
			"rotation": {"angle": 0, "axis": "y", "origin": [6.75, 0, 0]},
			"faces": {
				"north": {"uv": [1, 1, 5.25, 1.75], "texture": "#1"},
				"east": {"uv": [0, 0, 0.5, 0.5], "texture": "#1"},
				"south": {"uv": [0, 0, 2.25, 0.5], "texture": "#1"},
				"west": {"uv": [0, 0, 0.5, 0.5], "texture": "#1"},
				"up": {"uv": [0, 0, 2.25, 0.5], "texture": "#1"},
				"down": {"uv": [0, 0, 2.25, 0.5], "texture": "#missing"}
			}
		},
		{
			"from": [18.25, 12.25, 6.5],
			"to": [21.75, 12.5, 7.5],
			"rotation": {"angle": 0, "axis": "y", "origin": [6.75, 0, 0]},
			"faces": {
				"north": {"uv": [1, 1, 6.5, 1.5], "texture": "#1"},
				"east": {"uv": [0, 0, 0.5, 0.25], "texture": "#1"},
				"south": {"uv": [0, 0, 3.5, 0.25], "texture": "#1"},
				"west": {"uv": [0, 0, 0.5, 0.25], "texture": "#1"},
				"up": {"uv": [0, 0, 3.5, 0.5], "texture": "#1"},
				"down": {"uv": [0, 0, 3.5, 0.5], "texture": "#missing"}
			}
		},
		{
			"from": [6.75, 9.5, 6.5],
			"to": [9.75, 10, 7.5],
			"rotation": {"angle": 0, "axis": "y", "origin": [6.75, 0, 0]},
			"faces": {
				"north": {"uv": [0, 0, 3, 1], "texture": "#3"},
				"east": {"uv": [0, 0, 3, 1], "texture": "#3"},
				"south": {"uv": [0, 0, 3, 1], "texture": "#3"},
				"west": {"uv": [0, 0, 3, 1], "texture": "#3"},
				"up": {"uv": [0, 0, 3, 1], "texture": "#3"},
				"down": {"uv": [0, 0, 3, 1], "texture": "#3"}
			}
		},
		{
			"from": [9.75, 9.5, 6.5],
			"to": [18, 10, 7.5],
			"rotation": {"angle": 0, "axis": "y", "origin": [6.75, 0, 0]},
			"faces": {
				"north": {"uv": [0, 0, 8.25, 1], "texture": "#3"},
				"east": {"uv": [0, 0, 8.25, 1], "texture": "#3"},
				"south": {"uv": [0, 0, 8.25, 1], "texture": "#3"},
				"west": {"uv": [0, 0, 8.25, 1], "texture": "#3"},
				"up": {"uv": [0, 0, 8.25, 1], "texture": "#3"},
				"down": {"uv": [0, 0, 8.25, 1], "texture": "#3"}
			}
		},
		{
			"from": [16, 9.25, 6.75],
			"to": [17.25, 9.5, 7.25],
			"rotation": {"angle": 0, "axis": "y", "origin": [6.75, 0, 0]},
			"faces": {
				"north": {"uv": [0, 0, 1.25, 0.25], "texture": "#3"},
				"east": {"uv": [0, 0, 1.25, 0.25], "texture": "#3"},
				"south": {"uv": [0, 0, 1.25, 0.25], "texture": "#3"},
				"west": {"uv": [0, 0, 1.25, 0.25], "texture": "#3"},
				"up": {"uv": [0, 0, 1.25, 0.25], "texture": "#3"},
				"down": {"uv": [0, 0, 1.25, 0.25], "texture": "#3"}
			}
		},
		{
			"from": [13.75, 8.75, 6.25],
			"to": [14.25, 9.75, 7.75],
			"rotation": {"angle": 0, "axis": "y", "origin": [6.75, 0, 0]},
			"faces": {
				"north": {"uv": [4.5, 2.75, 5, 3.75], "texture": "#1"},
				"east": {"uv": [0, 0, 0.5, 1], "texture": "#1"},
				"south": {"uv": [0, 0, 0.5, 1], "texture": "#1"},
				"west": {"uv": [0, 0, 0.5, 1], "texture": "#1"},
				"up": {"uv": [0, 0, 0.5, 1], "texture": "#1"},
				"down": {"uv": [0, 0, 0.5, 1], "texture": "#1"}
			}
		},
		{
			"from": [13.5, 8.25, 6.75],
			"to": [14.4, 8.75, 7.25],
			"rotation": {"angle": 0, "axis": "y", "origin": [6.75, 0, 0]},
			"faces": {
				"north": {"uv": [0, 0, 1, 0.5], "texture": "#6"},
				"east": {"uv": [0, 0, 1, 0.5], "texture": "#6"},
				"south": {"uv": [0, 0, 1, 0.5], "texture": "#6"},
				"west": {"uv": [0, 0, 1, 0.5], "texture": "#6"},
				"up": {"uv": [0, 0, 1, 0.5], "texture": "#6"},
				"down": {"uv": [0, 0, 1, 0.5], "texture": "#6"}
			}
		},
		{
			"from": [14.5, 8, 6.5],
			"to": [15.75, 9, 7.5],
			"rotation": {"angle": 0, "axis": "y", "origin": [6.75, 0, 0]},
			"faces": {
				"north": {"uv": [0, 0, 1.25, 1], "texture": "#6"},
				"east": {"uv": [0, 0, 1.25, 1], "texture": "#6"},
				"south": {"uv": [0, 0, 1.25, 1], "texture": "#6"},
				"west": {"uv": [0, 0, 1.25, 1], "texture": "#6"},
				"up": {"uv": [0, 0, 1.25, 1], "texture": "#6"},
				"down": {"uv": [0, 0, 1.25, 1], "texture": "#6"}
			}
		},
		{
			"from": [15.75, 8.5, 7],
			"to": [16, 8.75, 7.25],
			"rotation": {"angle": 0, "axis": "y", "origin": [6.75, 0, 0]},
			"faces": {
				"north": {"uv": [0, 0, 2.05, 1.85], "texture": "#3"},
				"east": {"uv": [0, 0, 2.05, 1.85], "texture": "#3"},
				"south": {"uv": [0, 0, 2.05, 1.85], "texture": "#3"},
				"west": {"uv": [0, 0, 2.05, 1.85], "texture": "#3"},
				"up": {"uv": [0, 0, 2.05, 1.85], "texture": "#3"},
				"down": {"uv": [0, 0, 2.05, 1.85], "texture": "#3"}
			}
		},
		{
			"from": [11, 7.75, 6.25],
			"to": [13.4, 9.25, 7.75],
			"rotation": {"angle": 0, "axis": "y", "origin": [6.75, 0, 0]},
			"faces": {
				"north": {"uv": [7, 4, 9.5, 5.5], "texture": "#6"},
				"east": {"uv": [7, 4, 9.5, 5.5], "texture": "#6"},
				"south": {"uv": [7, 4, 9.5, 5.5], "texture": "#6"},
				"west": {"uv": [7, 4, 9.5, 5.5], "texture": "#6"},
				"up": {"uv": [7, 4, 9.5, 5.5], "texture": "#6"},
				"down": {"uv": [7, 4, 9.5, 5.5], "texture": "#6"}
			}
		},
		{
			"from": [13.75, 10.5, 8],
			"to": [17, 11.75, 8.5],
			"rotation": {"angle": 0, "axis": "y", "origin": [6.75, 0, 0]},
			"faces": {
				"north": {"uv": [0, 0, 3.25, 1.25], "texture": "#3"},
				"east": {"uv": [0, 0, 3.25, 1.25], "texture": "#3"},
				"south": {"uv": [0, 0, 3.25, 1.25], "texture": "#3"},
				"west": {"uv": [0, 0, 3.25, 1.25], "texture": "#3"},
				"up": {"uv": [0, 0, 3.25, 1.25], "texture": "#3"},
				"down": {"uv": [0, 0, 3.25, 1.25], "texture": "#3"}
			}
		},
		{
			"from": [14, 10.75, 8.5],
			"to": [16.75, 11.5, 9.75],
			"rotation": {"angle": 0, "axis": "y", "origin": [6.75, 0, 0]},
			"faces": {
				"north": {"uv": [0, 0, 2.75, 0.75], "texture": "#1"},
				"east": {"uv": [0, 0, 2.75, 0.75], "texture": "#1"},
				"south": {"uv": [0, 0, 2.75, 0.75], "texture": "#1"},
				"west": {"uv": [0, 0, 2.75, 0.75], "texture": "#1"},
				"up": {"uv": [0, 0, 2.75, 0.75], "texture": "#1"},
				"down": {"uv": [0, 0, 2.75, 0.75], "texture": "#1"}
			}
		},
		{
			"from": [18.25, 11.5, 5.75],
			"to": [23.75, 11.75, 6],
			"rotation": {"angle": 0, "axis": "y", "origin": [6.75, 0, 0]},
			"faces": {
				"north": {"uv": [2, 3, 2.5, 3.5], "texture": "#1"},
				"east": {"uv": [2, 3, 2.5, 3.5], "texture": "#1"},
				"south": {"uv": [2, 3, 2.5, 3.5], "texture": "#1"},
				"west": {"uv": [2, 3, 2.5, 3.5], "texture": "#1"},
				"up": {"uv": [2, 3, 2.5, 3.5], "texture": "#1"},
				"down": {"uv": [2, 3, 2.5, 3.5], "texture": "#1"}
			}
		},
		{
			"from": [18.25, 10.75, 5.75],
			"to": [23.75, 11.25, 6],
			"rotation": {"angle": 0, "axis": "y", "origin": [6.75, 0, 0]},
			"faces": {
				"north": {"uv": [2, 3, 2.5, 3.75], "texture": "#1"},
				"east": {"uv": [2, 3, 2.5, 3.75], "texture": "#1"},
				"south": {"uv": [2, 3, 2.5, 3.75], "texture": "#1"},
				"west": {"uv": [2, 3, 2.5, 3.75], "texture": "#1"},
				"up": {"uv": [2, 3, 2.5, 3.75], "texture": "#1"},
				"down": {"uv": [2, 3, 2.5, 3.75], "texture": "#1"}
			}
		},
		{
			"from": [18.25, 10.25, 5.75],
			"to": [23.75, 10.5, 6],
			"rotation": {"angle": 0, "axis": "y", "origin": [6.75, 0, 0]},
			"faces": {
				"north": {"uv": [2, 3, 2.5, 3.5], "texture": "#1"},
				"east": {"uv": [2, 3, 2.5, 3.5], "texture": "#1"},
				"south": {"uv": [2, 3, 2.5, 3.5], "texture": "#1"},
				"west": {"uv": [2, 3, 2.5, 3.5], "texture": "#1"},
				"up": {"uv": [2, 3, 2.5, 3.5], "texture": "#1"},
				"down": {"uv": [2, 3, 2.5, 3.5], "texture": "#1"}
			}
		},
		{
			"from": [18.25, 9.75, 6.25],
			"to": [23.75, 10, 6.5],
			"rotation": {"angle": 0, "axis": "y", "origin": [6.75, 0, 0]},
			"faces": {
				"north": {"uv": [2, 3, 2.5, 3.5], "texture": "#1"},
				"east": {"uv": [2, 3, 2.5, 3.5], "texture": "#1"},
				"south": {"uv": [2, 3, 2.5, 3.5], "texture": "#1"},
				"west": {"uv": [2, 3, 2.5, 3.5], "texture": "#1"},
				"up": {"uv": [2, 3, 2.5, 3.5], "texture": "#1"},
				"down": {"uv": [2, 3, 2.5, 3.5], "texture": "#1"}
			}
		},
		{
			"from": [18.25, 9.75, 6.75],
			"to": [23.75, 10, 7.25],
			"rotation": {"angle": 0, "axis": "y", "origin": [6.75, 0, 0]},
			"faces": {
				"north": {"uv": [2, 3, 2.75, 3.5], "texture": "#1"},
				"east": {"uv": [2, 3, 2.75, 3.5], "texture": "#1"},
				"south": {"uv": [2, 3, 2.75, 3.5], "texture": "#1"},
				"west": {"uv": [2, 3, 2.75, 3.5], "texture": "#1"},
				"up": {"uv": [2, 3, 2.75, 3.5], "texture": "#1"},
				"down": {"uv": [2, 3, 2.75, 3.5], "texture": "#1"}
			}
		},
		{
			"from": [18.25, 9.75, 7.5],
			"to": [23.75, 10, 7.75],
			"rotation": {"angle": 0, "axis": "y", "origin": [6.75, 0, 0]},
			"faces": {
				"north": {"uv": [2, 3, 2.5, 3.5], "texture": "#1"},
				"east": {"uv": [2, 3, 2.5, 3.5], "texture": "#1"},
				"south": {"uv": [2, 3, 2.5, 3.5], "texture": "#1"},
				"west": {"uv": [2, 3, 2.5, 3.5], "texture": "#1"},
				"up": {"uv": [2, 3, 2.5, 3.5], "texture": "#1"},
				"down": {"uv": [2, 3, 2.5, 3.5], "texture": "#1"}
			}
		},
		{
			"from": [18.25, 11.5, 8],
			"to": [23.75, 11.75, 8.25],
			"rotation": {"angle": 0, "axis": "y", "origin": [6.75, 0, 0]},
			"faces": {
				"north": {"uv": [2, 3, 2.5, 3.5], "texture": "#1"},
				"east": {"uv": [2, 3, 2.5, 3.5], "texture": "#1"},
				"south": {"uv": [2, 3, 2.5, 3.5], "texture": "#1"},
				"west": {"uv": [2, 3, 2.5, 3.5], "texture": "#1"},
				"up": {"uv": [2, 3, 2.5, 3.5], "texture": "#1"},
				"down": {"uv": [2, 3, 2.5, 3.5], "texture": "#1"}
			}
		},
		{
			"from": [18.25, 10.75, 8],
			"to": [23.75, 11.25, 8.25],
			"rotation": {"angle": 0, "axis": "y", "origin": [6.75, 0, 0]},
			"faces": {
				"north": {"uv": [2, 3, 2.5, 3.75], "texture": "#1"},
				"east": {"uv": [2, 3, 2.5, 3.75], "texture": "#1"},
				"south": {"uv": [2, 3, 2.5, 3.75], "texture": "#1"},
				"west": {"uv": [2, 3, 2.5, 3.75], "texture": "#1"},
				"up": {"uv": [2, 3, 2.5, 3.75], "texture": "#1"},
				"down": {"uv": [2, 3, 2.5, 3.75], "texture": "#1"}
			}
		},
		{
			"from": [18.25, 10.25, 8],
			"to": [23.75, 10.5, 8.25],
			"rotation": {"angle": 0, "axis": "y", "origin": [6.75, 0, 0]},
			"faces": {
				"north": {"uv": [2, 3, 2.5, 3.5], "texture": "#1"},
				"east": {"uv": [2, 3, 2.5, 3.5], "texture": "#1"},
				"south": {"uv": [2, 3, 2.5, 3.5], "texture": "#1"},
				"west": {"uv": [2, 3, 2.5, 3.5], "texture": "#1"},
				"up": {"uv": [2, 3, 2.5, 3.5], "texture": "#1"},
				"down": {"uv": [2, 3, 2.5, 3.5], "texture": "#1"}
			}
		},
		{
			"from": [7.25, 9.75, 5.5],
			"to": [9, 12.25, 8.25],
			"rotation": {"angle": 0, "axis": "y", "origin": [6.75, 0, 0]},
			"faces": {
				"north": {"uv": [0, 0, 1.75, 2.5], "texture": "#0"},
				"east": {"uv": [0, 0, 1.75, 2.5], "texture": "#0"},
				"south": {"uv": [0, 0, 1.75, 2.5], "texture": "#0"},
				"west": {"uv": [0, 0, 1.75, 2.5], "texture": "#0"},
				"up": {"uv": [0, 0, 1.75, 2.5], "texture": "#0"},
				"down": {"uv": [0, 0, 1.75, 2.5], "texture": "#0"}
			}
		},
		{
			"from": [1, 9.25, 5.25],
			"to": [6.75, 12, 8.75],
			"rotation": {"angle": 0, "axis": "y", "origin": [6.75, 0, 0]},
			"faces": {
				"north": {"uv": [0, 0, 10.95, 6.35], "texture": "#4"},
				"east": {"uv": [0, 0, 10.95, 6.35], "texture": "#4"},
				"south": {"uv": [0, 0, 10.95, 6.35], "texture": "#4"},
				"west": {"uv": [0, 0, 10.95, 6.35], "texture": "#4"},
				"up": {"uv": [0, 0, 10.95, 6.35], "texture": "#4"},
				"down": {"uv": [0, 0, 10.95, 6.35], "texture": "#4"}
			}
		},
		{
			"from": [0.25, 6.75, 6.75],
			"to": [3, 7.25, 7.25],
			"rotation": {"angle": 0, "axis": "y", "origin": [6.75, 0, 0]},
			"faces": {
				"north": {"uv": [0, 0, 10.95, 6.1], "texture": "#4"},
				"east": {"uv": [0, 0, 10.95, 6.35], "texture": "#4"},
				"south": {"uv": [0, 0, 10.95, 6.35], "texture": "#4"},
				"west": {"uv": [0, 0, 10.95, 6.35], "texture": "#4"},
				"up": {"uv": [0, 0, 10.95, 6.35], "texture": "#4"},
				"down": {"uv": [0, 0, 10.95, 6.35], "texture": "#4"}
			}
		},
		{
			"from": [2.5, 7.25, 6.75],
			"to": [3.25, 9.5, 7.25],
			"rotation": {"angle": 0, "axis": "y", "origin": [6.75, 0, 0]},
			"faces": {
				"north": {"uv": [0, 0, 2.7, 5.6], "texture": "#4"},
				"east": {"uv": [0, 0, 10.95, 6.35], "texture": "#4"},
				"south": {"uv": [0, 0, 10.95, 6.35], "texture": "#4"},
				"west": {"uv": [0, 0, 10.95, 6.35], "texture": "#4"},
				"up": {"uv": [0, 0, 10.95, 6.35], "texture": "#4"},
				"down": {"uv": [0, 0, 10.95, 6.35], "texture": "#4"}
			}
		},
		{
			"from": [1, 12, 5.5],
			"to": [6.75, 12.75, 8.5],
			"rotation": {"angle": 0, "axis": "y", "origin": [6.75, 0, 0]},
			"faces": {
				"north": {"uv": [0, 0, 5.75, 0.75], "texture": "#0"},
				"east": {"uv": [0, 0, 5.75, 0.75], "texture": "#0"},
				"south": {"uv": [0, 0, 5.75, 0.75], "texture": "#0"},
				"west": {"uv": [0, 0, 5.75, 0.75], "texture": "#0"},
				"up": {"uv": [0, 0, 5.75, 0.75], "texture": "#0"},
				"down": {"uv": [0, 0, 5.75, 0.75], "texture": "#0"}
			}
		},
		{
			"from": [3.5, 11.75, 5],
			"to": [6.75, 12.5, 5.5],
			"rotation": {"angle": 0, "axis": "y", "origin": [6.75, 0, 0]},
			"faces": {
				"north": {"uv": [0, 0, 3.25, 0.75], "texture": "#4"},
				"east": {"uv": [0, 0, 3.25, 0.75], "texture": "#4"},
				"south": {"uv": [0, 0, 3.25, 0.75], "texture": "#4"},
				"west": {"uv": [0, 0, 3.25, 0.75], "texture": "#4"},
				"up": {"uv": [0, 0, 3.25, 0.75], "texture": "#4"},
				"down": {"uv": [0, 0, 3.25, 0.75], "texture": "#4"}
			}
		},
		{
			"from": [3.5, 11.75, 8.5],
			"to": [6.75, 12.5, 9],
			"rotation": {"angle": 0, "axis": "y", "origin": [6.75, 0, 0]},
			"faces": {
				"north": {"uv": [6, 7, 9.25, 7.75], "texture": "#4"},
				"east": {"uv": [6, 7, 9.25, 7.75], "texture": "#4"},
				"south": {"uv": [6, 7, 9.25, 7.75], "texture": "#4"},
				"west": {"uv": [6, 7, 9.25, 7.75], "texture": "#4"},
				"up": {"uv": [6, 7, 9.25, 7.75], "texture": "#4"},
				"down": {"uv": [6, 7, 9.25, 7.75], "texture": "#4"}
			}
		},
		{
			"from": [-6, 10.5, 6],
			"to": [0, 11.5, 8],
			"rotation": {"angle": 0, "axis": "y", "origin": [6.75, 0, 0]},
			"faces": {
				"north": {"uv": [0, 0, 7, 1], "texture": "#0"},
				"east": {"uv": [0, 0, 7, 1], "texture": "#0"},
				"south": {"uv": [0, 0, 7, 1], "texture": "#0"},
				"west": {"uv": [0, 0, 7, 1], "texture": "#0"},
				"up": {"uv": [0, 0, 7, 1], "texture": "#0"},
				"down": {"uv": [0, 0, 7, 1], "texture": "#0"}
			}
		},
		{
			"from": [-6, 9.25, 5.75],
			"to": [1, 10.5, 8.25],
			"rotation": {"angle": 0, "axis": "y", "origin": [6.75, 0, 0]},
			"faces": {
				"north": {"uv": [0, 0, 12.2, 4.85], "texture": "#4"},
				"east": {"uv": [0, 0, 12.2, 4.85], "texture": "#4"},
				"south": {"uv": [0, 0, 12.2, 4.85], "texture": "#4"},
				"west": {"uv": [0, 0, 12.2, 4.85], "texture": "#4"},
				"up": {"uv": [0, 0, 12.2, 4.85], "texture": "#4"},
				"down": {"uv": [0, 0, 12.2, 4.85], "texture": "#4"}
			}
		},
		{
			"from": [-3.75, 13, 6],
			"to": [-0.5, 17.25, 8],
			"rotation": {"angle": 22.5, "axis": "z", "origin": [6.75, 0, 0]},
			"faces": {
				"north": {"uv": [0, 0, 3.25, 4.25], "texture": "#4"},
				"east": {"uv": [0, 0, 3.25, 4.25], "texture": "#4"},
				"south": {"uv": [0, 0, 3.25, 4.25], "texture": "#4"},
				"west": {"uv": [0, 0, 3.25, 4.25], "texture": "#4"},
				"up": {"uv": [0, 0, 3.25, 4.25], "texture": "#4"},
				"down": {"uv": [0, 0, 3.25, 4.25], "texture": "#4"}
			}
		},
		{
			"from": [-6.25, 2.25, 6],
			"to": [-4.25, 5, 8],
			"rotation": {"angle": -45, "axis": "z", "origin": [6.75, 0, 0]},
			"faces": {
				"north": {"uv": [0, 0, 2.75, 2], "rotation": 270, "texture": "#0"},
				"east": {"uv": [0, 0, 2.75, 2], "rotation": 270, "texture": "#0"},
				"south": {"uv": [0, 0, 2.75, 2], "rotation": 270, "texture": "#0"},
				"west": {"uv": [0, 0, 2.75, 2], "rotation": 270, "texture": "#0"},
				"up": {"uv": [0, 0, 2.75, 2], "rotation": 270, "texture": "#0"},
				"down": {"uv": [0, 0, 2.75, 2], "rotation": 270, "texture": "#0"}
			}
		},
		{
			"from": [-4.25, 10.5, 5.75],
			"to": [-2.25, 11.75, 8.25],
			"rotation": {"angle": 0, "axis": "y", "origin": [6.75, 0, 0]},
			"faces": {
				"north": {"uv": [0, 0, 2, 2.5], "texture": "#0"},
				"east": {"uv": [0, 0, 2, 2.5], "texture": "#0"},
				"south": {"uv": [0, 0, 2, 2.5], "texture": "#0"},
				"west": {"uv": [0, 0, 2, 2.5], "texture": "#0"},
				"up": {"uv": [0, 0, 2, 2.5], "texture": "#0"},
				"down": {"uv": [0, 0, 2, 2.5], "texture": "#0"}
			}
		},
		{
			"from": [-4, 2, 6.5],
			"to": [-2, 6.5, 7.5],
			"rotation": {"angle": -22.5, "axis": "z", "origin": [6.75, 0, 0]},
			"faces": {
				"north": {"uv": [0, 0, 2, 4.5], "texture": "#4"},
				"east": {"uv": [0, 0, 2, 4.5], "texture": "#4"},
				"south": {"uv": [0, 0, 2, 4.5], "texture": "#4"},
				"west": {"uv": [0, 0, 2, 4.5], "texture": "#4"},
				"up": {"uv": [0, 0, 2, 4.5], "texture": "#4"},
				"down": {"uv": [0, 0, 2, 4.5], "texture": "#4"}
			}
		},
		{
			"from": [-2, 3.75, 6.75],
			"to": [-1.5, 7.25, 7.25],
			"rotation": {"angle": -22.5, "axis": "z", "origin": [6.75, 0, 0]},
			"faces": {
				"north": {"uv": [0, 0, 2, 5.25], "texture": "#4"},
				"east": {"uv": [0, 0, 2, 5.25], "texture": "#4"},
				"south": {"uv": [0, 0, 2, 5.25], "texture": "#4"},
				"west": {"uv": [0, 0, 2, 5.25], "texture": "#4"},
				"up": {"uv": [0, 0, 2, 5.25], "texture": "#4"},
				"down": {"uv": [0, 0, 2, 5.25], "texture": "#4"}
			}
		},
		{
			"from": [-1.5, 4.5, 6.75],
			"to": [-1, 6.5, 7.25],
			"rotation": {"angle": -22.5, "axis": "z", "origin": [6.75, 0, 0]},
			"faces": {
				"north": {"uv": [6, 6, 8, 11.25], "texture": "#6"},
				"east": {"uv": [6, 6, 8, 11.25], "texture": "#6"},
				"south": {"uv": [6, 6, 8, 11.25], "texture": "#6"},
				"west": {"uv": [6, 6, 8, 11.25], "texture": "#6"},
				"up": {"uv": [6, 6, 8, 11.25], "texture": "#6"},
				"down": {"uv": [6, 6, 8, 11.25], "texture": "#6"}
			}
		},
		{
			"from": [-3.75, 2.75, 6.25],
			"to": [-2.5, 5, 6.5],
			"rotation": {"angle": -22.5, "axis": "z", "origin": [6.75, 0, 0]},
			"faces": {
				"north": {"uv": [0, 0, 1.25, 2.25], "texture": "#3"},
				"east": {"uv": [0, 0, 1.25, 2.25], "texture": "#3"},
				"south": {"uv": [0, 0, 1.25, 2.25], "texture": "#3"},
				"west": {"uv": [0, 0, 1.25, 2.25], "texture": "#3"},
				"up": {"uv": [0, 0, 1.25, 2.25], "texture": "#3"},
				"down": {"uv": [0, 0, 1.25, 2.25], "texture": "#3"}
			}
		}
	],
	"display": {
		"thirdperson_righthand": {
			"rotation": [0, 90, 0],
			"translation": [0, 0.75, -4],
			"scale": [0.7, 0.7, 0.7]
		},
		"thirdperson_lefthand": {
			"rotation": [0, 90, 0],
			"translation": [0, 0.75, -4],
			"scale": [0.7, 0.7, 0.7]
		},
		"firstperson_righthand": {
			"rotation": [0, 80, 0],
			"translation": [2.25, 1, 0]
		},
		"firstperson_lefthand": {
			"rotation": [0, -90, 0]
		},
		"ground": {
			"scale": [0.71875, 0.71875, 0.71875]
		},
		"gui": {
			"scale": [0.43945, 0.43945, 0.43945]
		}
	},
	"groups": [
		0,
		1,
		2,
		3,
		4,
		5,
		6,
		7,
		8,
		9,
		10,
		11,
		12,
		13,
		14,
		15,
		16,
		17,
		18,
		19,
		{
			"name": "group",
			"origin": [0, 0, 0],
			"color": 0,
			"children": [20, 21, 22, 23, 24, 25]
		},
		{
			"name": "group",
			"origin": [0, 0, 0],
			"color": 0,
			"children": [26, 27, 28]
		},
		29,
		30,
		31,
		32,
		33,
		34,
		35,
		36,
		37,
		38,
		39,
		40,
		41,
		42,
		43,
		44
	]
}