{
	"credit": "Made with Blockbench",
	"elements": [
		{
			"from": [0, 0, -1],
			"to": [16, 2, 16],
			"color": 6,
			"faces": {
				"north": {"uv": [0, 0, 16, 2], "texture": "#missing"},
				"east": {"uv": [0, 0, 16, 2], "texture": "#missing"},
				"south": {"uv": [0, 0, 16, 2], "texture": "#missing"},
				"west": {"uv": [0, 0, 16, 2], "texture": "#missing"},
				"up": {"uv": [0, 0, 16, 16], "texture": "#missing"},
				"down": {"uv": [0, 0, 16, 16], "texture": "#missing"}
			}
		},
		{
			"from": [14, 2, -1],
			"to": [16, 9, 16],
			"color": 6,
			"faces": {
				"north": {"uv": [0, 0, 2, 7], "texture": "#missing"},
				"east": {"uv": [0, 0, 16, 7], "texture": "#missing"},
				"south": {"uv": [0, 0, 2, 7], "texture": "#missing"},
				"west": {"uv": [0, 0, 16, 7], "texture": "#missing"},
				"up": {"uv": [0, 0, 2, 16], "texture": "#missing"},
				"down": {"uv": [0, 0, 2, 16], "texture": "#missing"}
			}
		},
		{
			"from": [0, 2, -1],
			"to": [2, 9, 16],
			"color": 6,
			"faces": {
				"north": {"uv": [0, 0, 2, 7], "texture": "#missing"},
				"east": {"uv": [0, 0, 16, 7], "texture": "#missing"},
				"south": {"uv": [0, 0, 2, 7], "texture": "#missing"},
				"west": {"uv": [0, 0, 16, 7], "texture": "#missing"},
				"up": {"uv": [0, 0, 2, 16], "texture": "#missing"},
				"down": {"uv": [0, 0, 2, 16], "texture": "#missing"}
			}
		}
	],
	"display": {
		"head": {
			"translation": [0, -27.25, 0],
			"scale": [2, 2, 2]
		}
	}
}