{
	"credit": "Made with Blockbench",
	"textures": {
		"0": "block/white_shulker_box",
		"1": "block/white_wool",
		"2": "block/iron_block",
		"3": "block/netherite_block",
		"4": "block/light_gray_wool",
		"particle": "block/white_shulker_box"
	},
	"elements": [
		{
			"from": [5, 13, -7],
			"to": [11, 18, 12],
			"rotation": {"angle": 0, "axis": "y", "origin": [7, 13, -7]},
			"faces": {
				"north": {"uv": [0, 0, 6, 5], "texture": "#2"},
				"east": {"uv": [1, 0.5, 16, 5], "texture": "#2"},
				"south": {"uv": [0, 0, 6, 5], "texture": "#2"},
				"west": {"uv": [0, 0, 15, 5], "texture": "#2"},
				"up": {"uv": [0, 0, 6, 16], "texture": "#2"},
				"down": {"uv": [0, 0, 6, 16], "texture": "#2"}
			}
		},
		{
			"from": [7, 18.75, 21.25],
			"to": [9, 19.25, 22.25],
			"rotation": {"angle": 0, "axis": "y", "origin": [7, 17, -7]},
			"faces": {
				"north": {"uv": [0, 0, 2, 0.5], "texture": "#2"},
				"east": {"uv": [0, 0, 1, 0.5], "texture": "#2"},
				"south": {"uv": [0, 0, 2, 0.5], "texture": "#2"},
				"west": {"uv": [0, 0, 1, 0.5], "texture": "#2"},
				"up": {"uv": [4, 3, 6, 4], "texture": "#2"},
				"down": {"uv": [0, 0, 2, 1], "texture": "#2"}
			}
		},
		{
			"from": [5, 13, 12],
			"to": [11, 18.75, 23],
			"rotation": {"angle": 0, "axis": "y", "origin": [7, 13, -7]},
			"faces": {
				"north": {"uv": [0, 0, 6, 5.75], "texture": "#2"},
				"east": {"uv": [0, 0, 11, 5.75], "texture": "#2"},
				"south": {"uv": [0, 0, 16, 5.75], "texture": "#2"},
				"west": {"uv": [1, 0, 16, 4.75], "texture": "#2"},
				"up": {"uv": [0, 0, 6, 11], "texture": "#2"},
				"down": {"uv": [0, 0, 6, 11], "texture": "#2"}
			}
		},
		{
			"from": [7, 23.25, 21.75],
			"to": [9, 29, 25],
			"rotation": {"angle": 22.5, "axis": "x", "origin": [7, 23.25, -5.25]},
			"faces": {
				"north": {"uv": [0, 0, 2, 5.75], "texture": "#4"},
				"east": {"uv": [0, 0, 3.25, 5.75], "texture": "#4"},
				"south": {"uv": [0, 0, 2, 5.75], "texture": "#4"},
				"west": {"uv": [0, 0, 3.25, 5.75], "texture": "#4"},
				"up": {"uv": [0, 0, 2, 3.25], "texture": "#4"},
				"down": {"uv": [0, 0, 2, 3.25], "texture": "#4"}
			}
		},
		{
			"from": [5, 11, -6.25],
			"to": [11, 13, 25.75],
			"rotation": {"angle": 0, "axis": "y", "origin": [7, 13, -7]},
			"faces": {
				"north": {"uv": [0, 0, 6, 2], "texture": "#1"},
				"east": {"uv": [0, 2, 16, 4], "texture": "#2"},
				"south": {"uv": [0, 0, 6, 2], "texture": "#2"},
				"west": {"uv": [0, 3.25, 16, 5], "texture": "#2"},
				"up": {"uv": [0, 0, 6, 16], "texture": "#2"},
				"down": {"uv": [0, 0, 6, 16], "texture": "#2"}
			}
		},
		{
			"from": [5, 10, 13],
			"to": [11, 11, 17],
			"rotation": {"angle": 0, "axis": "y", "origin": [7, 13.25, -7]},
			"faces": {
				"north": {"uv": [0, 0, 6, 1], "texture": "#4"},
				"east": {"uv": [0, 0, 4, 1], "texture": "#4"},
				"south": {"uv": [0, 0, 6, 1], "texture": "#4"},
				"west": {"uv": [0, 0, 4, 1], "texture": "#4"},
				"up": {"uv": [0, 0, 6, 4], "texture": "#4"},
				"down": {"uv": [0, 0, 6, 4], "texture": "#4"}
			}
		},
		{
			"from": [5, 10, 18.75],
			"to": [11, 11, 20.75],
			"rotation": {"angle": 0, "axis": "y", "origin": [7, 13.25, -1.25]},
			"faces": {
				"north": {"uv": [0, 0, 6, 1], "texture": "#4"},
				"east": {"uv": [0, 0, 2, 1], "texture": "#4"},
				"south": {"uv": [0, 0, 6, 1], "texture": "#4"},
				"west": {"uv": [0, 0, 2, 1], "texture": "#4"},
				"up": {"uv": [0, 0, 6, 2], "texture": "#4"},
				"down": {"uv": [0, 0, 6, 2], "texture": "#4"}
			}
		},
		{
			"from": [5.5, -9, 16.25],
			"to": [10.5, 3.75, 17.75],
			"rotation": {"angle": -22.5, "axis": "x", "origin": [7, 1, -3.5]},
			"faces": {
				"north": {"uv": [0, 0, 5, 12.75], "texture": "#0"},
				"east": {"uv": [0, 0, 1.5, 12.75], "texture": "#0"},
				"south": {"uv": [0, 0, 5, 12.75], "texture": "#0"},
				"west": {"uv": [0, 0, 1.5, 12.75], "texture": "#0"},
				"up": {"uv": [0, 0, 5, 1.5], "texture": "#0"},
				"down": {"uv": [0, 0, 5, 1.5], "texture": "#0"}
			}
		},
		{
			"from": [5.5, -8, 17.75],
			"to": [10.5, 3.75, 21.75],
			"rotation": {"angle": -22.5, "axis": "x", "origin": [7, 1, -3.5]},
			"faces": {
				"north": {"uv": [0, 0, 4.5, 11.75], "texture": "#3"},
				"east": {"uv": [5, 2, 8.5, 13.75], "texture": "#3"},
				"south": {"uv": [3, 1, 7.5, 12.75], "texture": "#3"},
				"west": {"uv": [5, 1, 8.5, 12.75], "texture": "#3"},
				"up": {"uv": [0, 0, 4.5, 3.5], "texture": "#3"},
				"down": {"uv": [0, 0, 4.5, 3.5], "texture": "#3"}
			}
		},
		{
			"from": [5.5, -9, 17.75],
			"to": [10.5, -8, 21.75],
			"rotation": {"angle": -22.5, "axis": "x", "origin": [7, 1, -3.5]},
			"faces": {
				"north": {"uv": [0, 0, 5, 1], "texture": "#0"},
				"east": {"uv": [0, 0, 4, 1], "texture": "#0"},
				"south": {"uv": [0, 0, 5, 1], "texture": "#0"},
				"west": {"uv": [0, 0, 4, 1], "texture": "#0"},
				"up": {"uv": [0, 0, 5, 4], "texture": "#0"},
				"down": {"uv": [0, 0, 5, 4], "texture": "#0"}
			}
		},
		{
			"from": [6.75, 5.5, 9.75],
			"to": [9.25, 7.25, 17.25],
			"rotation": {"angle": 0, "axis": "y", "origin": [7, 1, -10.5]},
			"faces": {
				"north": {"uv": [0, 0, 2.5, 1.75], "texture": "#2"},
				"east": {"uv": [2, 2, 9.5, 3.75], "texture": "#2"},
				"south": {"uv": [0, 0, 2.5, 1.75], "texture": "#2"},
				"west": {"uv": [0, 0, 7.5, 1.75], "texture": "#2"},
				"up": {"uv": [0, 0, 2.5, 7.5], "texture": "#2"},
				"down": {"uv": [0, 0, 2.5, 7.5], "texture": "#2"}
			}
		},
		{
			"from": [6.75, 7.25, 9.75],
			"to": [9.25, 11, 11.25],
			"rotation": {"angle": 0, "axis": "y", "origin": [7, 1, -10.5]},
			"faces": {
				"north": {"uv": [2, 1, 4.5, 4.75], "texture": "#2"},
				"east": {"uv": [2, 2, 3.5, 5.75], "texture": "#2"},
				"south": {"uv": [0, 0, 2.5, 3.75], "texture": "#2"},
				"west": {"uv": [2, 2, 3.5, 5.75], "texture": "#2"},
				"up": {"uv": [0, 0, 2.5, 1.5], "texture": "#2"},
				"down": {"uv": [0, 0, 2.5, 1.5], "texture": "#2"}
			}
		}
	],
	"display": {
		"thirdperson_righthand": {
			"translation": [0, 0.25, -1.25],
			"scale": [0.26953, 0.26953, 0.26953]
		},
		"thirdperson_lefthand": {
			"translation": [0, 0.25, -1.25],
			"scale": [0.26953, 0.26953, 0.26953]
		},
		"firstperson_righthand": {
			"translation": [0, 2, 0],
			"scale": [0.30469, 0.30469, 0.30469]
		},
		"firstperson_lefthand": {
			"translation": [0, 2, 0],
			"scale": [0.30469, 0.30469, 0.30469]
		},
		"ground": {
			"scale": [0.37109, 0.37109, 0.37109]
		},
		"gui": {
			"rotation": [0, -90, 0],
			"translation": [0.75, -0.75, 0],
			"scale": [0.23047, 0.23047, 0.23047]
		},
		"head": {
			"rotation": [51.75, 0, 0],
			"translation": [0, -1.75, -8.5]
		}
	}
}