{
	"credit": "Made with Blockbench",
	"textures": {
		"0": "block/anvil",
		"1": "block/mangrove_log",
		"particle": "block/anvil"
	},
	"elements": [
		{
			"from": [5, 6.25, 7.5],
			"to": [7.75, 8.25, 16],
			"rotation": {"angle": 0, "axis": "y", "origin": [5.5, 6.75, 7.5]},
			"faces": {
				"north": {"uv": [0, 0, 2.75, 2], "texture": "#1"},
				"east": {"uv": [0, 0, 8.5, 2], "texture": "#1"},
				"south": {"uv": [0, 0, 2.75, 2], "texture": "#1"},
				"west": {"uv": [0, 0, 8.5, 2], "texture": "#1"},
				"up": {"uv": [0, 0, 2.75, 8.5], "texture": "#1"},
				"down": {"uv": [0, 0, 2.75, 8.5], "texture": "#1"}
			}
		},
		{
			"from": [5.25, 5.5, 7.5],
			"to": [7.5, 6.25, 16],
			"rotation": {"angle": 0, "axis": "y", "origin": [5.5, 6, 7.5]},
			"faces": {
				"north": {"uv": [0, 0, 2.25, 0.75], "texture": "#1"},
				"east": {"uv": [0, 0, 8.5, 0.75], "texture": "#1"},
				"south": {"uv": [0, 0, 2.25, 0.75], "texture": "#1"},
				"west": {"uv": [0, 0, 8.5, 0.75], "texture": "#1"},
				"up": {"uv": [0, 0, 2.25, 8.5], "texture": "#1"},
				"down": {"uv": [0, 0, 2.25, 8.5], "texture": "#1"}
			}
		},
		{
			"from": [5.5, 4, 14.5],
			"to": [7.25, 5.5, 16.5],
			"rotation": {"angle": 0, "axis": "y", "origin": [5, 0, 14.5]},
			"faces": {
				"north": {"uv": [0, 0, 1.75, 1.5], "texture": "#1"},
				"east": {"uv": [0, 0, 2, 1.5], "texture": "#1"},
				"south": {"uv": [0, 0, 1.75, 1.5], "texture": "#1"},
				"west": {"uv": [0, 0, 2, 1.5], "texture": "#1"},
				"up": {"uv": [0, 0, 1.75, 2], "texture": "#1"},
				"down": {"uv": [0, 0, 1.75, 2], "texture": "#1"}
			}
		},
		{
			"from": [5.5, 0, 16.75],
			"to": [7.25, 3.75, 18.5],
			"rotation": {"angle": -22.5, "axis": "x", "origin": [5, -1.25, 14.5]},
			"faces": {
				"north": {"uv": [0, 0, 1.75, 3.75], "texture": "#1"},
				"east": {"uv": [0, 0, 1.75, 3.75], "texture": "#1"},
				"south": {"uv": [0, 0, 1.75, 3.75], "texture": "#1"},
				"west": {"uv": [0, 0, 1.75, 3.75], "texture": "#1"},
				"up": {"uv": [0, 0, 1.75, 1.75], "texture": "#1"},
				"down": {"uv": [0, 0, 1.75, 1.75], "texture": "#1"}
			}
		},
		{
			"from": [7, 8, -8.75],
			"to": [8, 9, 2],
			"rotation": {"angle": -45, "axis": "z", "origin": [7, 10, 0]},
			"faces": {
				"north": {"uv": [0, 12, 1, 13], "rotation": 270, "texture": "#0"},
				"east": {"uv": [0, 0, 1, 10.75], "rotation": 90, "texture": "#0"},
				"south": {"uv": [0, 0, 1, 1], "rotation": 90, "texture": "#0"},
				"west": {"uv": [0, 0, 1, 10.75], "rotation": 90, "texture": "#0"},
				"up": {"uv": [0, 0, 10.75, 1], "rotation": 90, "texture": "#0"},
				"down": {"uv": [0, 0, 10.75, 1], "rotation": 90, "texture": "#0"}
			}
		},
		{
			"from": [6.5, 7.5, 2],
			"to": [8.5, 9.5, 16],
			"rotation": {"angle": -45, "axis": "z", "origin": [7, 10, 10]},
			"faces": {
				"north": {"uv": [0, 0, 2, 2], "rotation": 270, "texture": "#0"},
				"east": {"uv": [0, 0, 2, 14], "rotation": 90, "texture": "#0"},
				"south": {"uv": [0, 0, 2, 2], "rotation": 90, "texture": "#0"},
				"west": {"uv": [0, 0, 2, 14], "rotation": 90, "texture": "#0"},
				"up": {"uv": [0, 0, 14, 2], "rotation": 90, "texture": "#0"},
				"down": {"uv": [0, 0, 14, 2], "rotation": 90, "texture": "#0"}
			}
		},
		{
			"from": [4.25, 8, 6.5],
			"to": [6.75, 8.75, 7.25],
			"rotation": {"angle": -45, "axis": "x", "origin": [8.5, 10, 7.25]},
			"faces": {
				"north": {"uv": [0, 0, 0.75, 2.5], "rotation": 90, "texture": "#0"},
				"east": {"uv": [0, 0, 0.75, 0.75], "rotation": 90, "texture": "#0"},
				"south": {"uv": [0, 0, 0.75, 2.5], "rotation": 90, "texture": "#0"},
				"west": {"uv": [0, 0, 0.75, 0.75], "rotation": 270, "texture": "#0"},
				"up": {"uv": [0, 0, 2.5, 0.75], "texture": "#0"},
				"down": {"uv": [0, 0, 2.5, 0.75], "rotation": 180, "texture": "#0"}
			}
		},
		{
			"from": [5.5, 5.25, 3.75],
			"to": [7.25, 8.25, 5.75],
			"rotation": {"angle": 0, "axis": "y", "origin": [5.5, 6.75, 3.75]},
			"faces": {
				"north": {"uv": [0, 0, 1.75, 3], "texture": "#0"},
				"east": {"uv": [0, 0, 2, 3], "texture": "#0"},
				"south": {"uv": [0, 0, 1.75, 3], "texture": "#0"},
				"west": {"uv": [0, 0, 2, 3], "texture": "#0"},
				"up": {"uv": [0, 0, 1.75, 2], "texture": "#0"},
				"down": {"uv": [0, 0, 1.75, 2], "texture": "#0"}
			}
		},
		{
			"from": [5.75, 9.5, 3.25],
			"to": [6.75, 10, 4.75],
			"rotation": {"angle": 0, "axis": "y", "origin": [5.5, 6.75, 7.5]},
			"faces": {
				"north": {"uv": [0, 0, 1, 0.5], "texture": "#0"},
				"east": {"uv": [0, 0, 1.5, 0.5], "texture": "#0"},
				"south": {"uv": [0, 0, 1, 0.5], "texture": "#0"},
				"west": {"uv": [0, 0, 1.5, 0.5], "texture": "#0"},
				"up": {"uv": [0, 0, 1, 1.5], "texture": "#0"},
				"down": {"uv": [0, 0, 1, 1.5], "texture": "#0"}
			}
		},
		{
			"from": [5.75, 10, 3.25],
			"to": [6, 10.25, 4.75],
			"rotation": {"angle": 0, "axis": "y", "origin": [5.5, 6.75, 7.5]},
			"faces": {
				"north": {"uv": [0, 0, 0.25, 0.25], "texture": "#0"},
				"east": {"uv": [0, 0, 1.5, 0.25], "texture": "#0"},
				"south": {"uv": [0, 0, 0.25, 0.25], "texture": "#0"},
				"west": {"uv": [0, 0, 1.5, 0.25], "texture": "#0"},
				"up": {"uv": [0, 0, 0.25, 1.5], "texture": "#0"},
				"down": {"uv": [0, 0, 0.25, 1.5], "texture": "#0"}
			}
		},
		{
			"from": [6.5, 10, 3.25],
			"to": [6.75, 10.25, 4.75],
			"rotation": {"angle": 0, "axis": "y", "origin": [6, 6.75, 7.5]},
			"faces": {
				"north": {"uv": [0, 0, 0.25, 0.25], "texture": "#0"},
				"east": {"uv": [0, 0, 1.5, 0.25], "texture": "#0"},
				"south": {"uv": [0, 0, 0.25, 0.25], "texture": "#0"},
				"west": {"uv": [0, 0, 1.5, 0.25], "texture": "#0"},
				"up": {"uv": [0, 0, 0.25, 1.5], "texture": "#0"},
				"down": {"uv": [0, 0, 0.25, 1.5], "texture": "#0"}
			}
		},
		{
			"from": [6, 9, -8.5],
			"to": [6.5, 10, -7.25],
			"rotation": {"angle": 0, "axis": "y", "origin": [5.5, 6.75, -4.5]},
			"faces": {
				"north": {"uv": [0, 0, 0.5, 1], "texture": "#0"},
				"east": {"uv": [0, 0, 1.25, 1], "texture": "#0"},
				"south": {"uv": [0, 0, 0.5, 1], "texture": "#0"},
				"west": {"uv": [0, 0, 1.25, 1], "texture": "#0"},
				"up": {"uv": [0, 0, 0.5, 1.25], "texture": "#0"},
				"down": {"uv": [0, 0, 0.5, 1.25], "texture": "#0"}
			}
		},
		{
			"from": [5.75, 5.5, 16],
			"to": [6.75, 10, 17.25],
			"rotation": {"angle": 0, "axis": "y", "origin": [5.5, 6.75, 7.5]},
			"faces": {
				"north": {"uv": [0, 0, 1, 4.5], "texture": "#0"},
				"east": {"uv": [0, 0, 1.25, 4.5], "texture": "#0"},
				"south": {"uv": [0, 0, 1, 4.5], "texture": "#0"},
				"west": {"uv": [0, 0, 1.25, 4.5], "texture": "#0"},
				"up": {"uv": [0, 0, 1, 1.25], "texture": "#0"},
				"down": {"uv": [0, 0, 1, 1.25], "texture": "#0"}
			}
		},
		{
			"from": [5.75, 5.75, 16],
			"to": [6, 6.5, 24.5],
			"rotation": {"angle": 0, "axis": "y", "origin": [5.5, 6.75, 7.5]},
			"faces": {
				"north": {"uv": [0, 0, 0.25, 0.75], "texture": "#0"},
				"east": {"uv": [0, 0, 8.5, 0.75], "texture": "#0"},
				"south": {"uv": [0, 0, 0.25, 0.75], "texture": "#0"},
				"west": {"uv": [0, 0, 8.5, 0.75], "texture": "#0"},
				"up": {"uv": [0, 0, 0.25, 8.5], "texture": "#0"},
				"down": {"uv": [0, 0, 0.25, 8.5], "texture": "#0"}
			}
		},
		{
			"from": [6, 10.5, 25.75],
			"to": [6.75, 14.75, 26.5],
			"rotation": {"angle": 22.5, "axis": "x", "origin": [5.5, 13, 9.5]},
			"faces": {
				"north": {"uv": [0, 0, 0.75, 4.25], "texture": "#0"},
				"east": {"uv": [0, 0, 0.75, 4.25], "texture": "#0"},
				"south": {"uv": [0, 0, 0.75, 4.25], "texture": "#0"},
				"west": {"uv": [0, 0, 0.75, 4.25], "texture": "#0"},
				"up": {"uv": [0, 0, 0.75, 0.75], "texture": "#0"},
				"down": {"uv": [0, 0, 0.75, 0.75], "texture": "#0"}
			}
		},
		{
			"from": [6.75, 5.75, 16],
			"to": [7, 6.5, 24.5],
			"rotation": {"angle": 0, "axis": "y", "origin": [6.5, 6.75, 7.5]},
			"faces": {
				"north": {"uv": [0, 0, 0.25, 0.75], "texture": "#0"},
				"east": {"uv": [0, 0, 8.5, 0.75], "texture": "#0"},
				"south": {"uv": [0, 0, 0.25, 0.75], "texture": "#0"},
				"west": {"uv": [0, 0, 8.5, 0.75], "texture": "#0"},
				"up": {"uv": [0, 0, 0.25, 8.5], "texture": "#0"},
				"down": {"uv": [0, 0, 0.25, 8.5], "texture": "#0"}
			}
		},
		{
			"from": [5.5, 6.75, 5.75],
			"to": [7.25, 8.25, 7],
			"rotation": {"angle": 0, "axis": "y", "origin": [5.5, 6.75, 3.75]},
			"faces": {
				"north": {"uv": [0, 0, 1.75, 1.5], "texture": "#0"},
				"east": {"uv": [0, 0, 1.25, 1.5], "texture": "#0"},
				"south": {"uv": [0, 0, 1.75, 1.5], "texture": "#0"},
				"west": {"uv": [0, 0, 1.25, 1.5], "texture": "#0"},
				"up": {"uv": [0, 0, 1.75, 1.25], "texture": "#0"},
				"down": {"uv": [0, 0, 1.75, 1.25], "texture": "#0"}
			}
		},
		{
			"from": [6, -0.25, 4.25],
			"to": [6.75, 5.25, 5.25],
			"rotation": {"angle": 0, "axis": "y", "origin": [6, 3.5, 3.75]},
			"faces": {
				"north": {"uv": [0, 0, 0.75, 5.5], "texture": "#0"},
				"east": {"uv": [0, 0, 1, 5.5], "texture": "#0"},
				"south": {"uv": [0, 0, 0.75, 5.5], "texture": "#0"},
				"west": {"uv": [0, 0, 1, 5.5], "texture": "#0"},
				"up": {"uv": [0, 0, 0.75, 1], "texture": "#0"},
				"down": {"uv": [0, 0, 0.75, 1], "texture": "#0"}
			}
		},
		{
			"from": [6.5, 5, 13.75],
			"to": [6.5, 5.5, 14],
			"rotation": {"angle": 0, "axis": "y", "origin": [5, 1.75, 10.5]},
			"faces": {
				"north": {"uv": [0, 0, 0, 0.5], "texture": "#0"},
				"east": {"uv": [0, 0, 0.25, 0.5], "texture": "#0"},
				"south": {"uv": [0, 0, 0, 0.5], "texture": "#0"},
				"west": {"uv": [0, 0, 0.25, 0.5], "texture": "#0"},
				"up": {"uv": [0, 0, 0, 0.25], "texture": "#0"},
				"down": {"uv": [0, 0, 0, 0.25], "texture": "#0"}
			}
		},
		{
			"from": [6.5, 4.25, 12.75],
			"to": [6.5, 4.5, 14.75],
			"rotation": {"angle": 0, "axis": "y", "origin": [5, 0.75, 10.5]},
			"faces": {
				"north": {"uv": [0, 0, 0, 0.25], "texture": "#0"},
				"east": {"uv": [0, 0, 2, 0.25], "texture": "#0"},
				"south": {"uv": [0, 0, 0, 0.25], "texture": "#0"},
				"west": {"uv": [0, 0, 2, 0.25], "texture": "#0"},
				"up": {"uv": [0, 0, 0, 2], "texture": "#0"},
				"down": {"uv": [0, 0, 0, 2], "texture": "#0"}
			}
		},
		{
			"from": [6.5, 4.75, 13.5],
			"to": [6.5, 5, 13.75],
			"rotation": {"angle": 0, "axis": "y", "origin": [5, 1.25, 10.25]},
			"faces": {
				"north": {"uv": [0, 0, 0, 0.25], "texture": "#0"},
				"east": {"uv": [0, 0, 0.25, 0.25], "texture": "#0"},
				"south": {"uv": [0, 0, 0, 0.25], "texture": "#0"},
				"west": {"uv": [0, 0, 0.25, 0.25], "texture": "#0"},
				"up": {"uv": [0, 0, 0, 0.25], "texture": "#0"},
				"down": {"uv": [0, 0, 0, 0.25], "texture": "#0"}
			}
		},
		{
			"from": [6.5, 4.5, 12.75],
			"to": [6.5, 5.5, 13],
			"rotation": {"angle": 0, "axis": "y", "origin": [5, 0.75, 10.5]},
			"faces": {
				"north": {"uv": [0, 0, 0, 1], "texture": "#0"},
				"east": {"uv": [0, 0, 0.25, 1], "texture": "#0"},
				"south": {"uv": [0, 0, 0, 1], "texture": "#0"},
				"west": {"uv": [0, 0, 0.25, 1], "texture": "#0"},
				"up": {"uv": [0, 0, 0, 0.25], "texture": "#0"},
				"down": {"uv": [0, 0, 0, 0.25], "texture": "#0"}
			}
		},
		{
			"name": "r",
			"from": [6.5, 4.5, 12.75],
			"to": [6.5, 5.5, 13],
			"rotation": {"angle": 0, "axis": "y", "origin": [5, 0.75, 10.5]},
			"faces": {
				"north": {"uv": [0, 0, 0, 1], "texture": "#0"},
				"east": {"uv": [0, 0, 0.25, 1], "texture": "#0"},
				"south": {"uv": [0, 0, 0, 1], "texture": "#0"},
				"west": {"uv": [0, 0, 0.25, 1], "texture": "#0"},
				"up": {"uv": [0, 0, 0, 0.25], "texture": "#0"},
				"down": {"uv": [0, 0, 0, 0.25], "texture": "#0"}
			}
		},
		{
			"from": [6.5, 4.25, 12.75],
			"to": [6.5, 4.5, 14.75],
			"rotation": {"angle": 0, "axis": "y", "origin": [5, 0.75, 10.5]},
			"faces": {
				"north": {"uv": [0, 0, 0, 0.25], "texture": "#0"},
				"east": {"uv": [0, 0, 2, 0.25], "texture": "#0"},
				"south": {"uv": [0, 0, 0, 0.25], "texture": "#0"},
				"west": {"uv": [0, 0, 2, 0.25], "texture": "#0"},
				"up": {"uv": [0, 0, 0, 2], "texture": "#0"},
				"down": {"uv": [0, 0, 0, 2], "texture": "#0"}
			}
		}
	],
	"display": {
		"thirdperson_righthand": {
			"translation": [1.5, 0, -3.5],
			"scale": [0.71875, 0.71875, 0.71875]
		},
		"thirdperson_lefthand": {
			"translation": [-1.25, 0, -3.5],
			"scale": [0.71875, 0.71875, 0.71875]
		},
		"firstperson_righthand": {
			"rotation": [0, -6.25, 0],
			"translation": [0.25, 4, 0.25],
			"scale": [0.70898, 0.70898, 0.70898]
		},
		"firstperson_lefthand": {
			"rotation": [0, 0.5, 0],
			"translation": [-10.75, 5.75, 0.5],
			"scale": [1.04492, 1.04492, 1.04492]
		},
		"ground": {
			"scale": [0.52539, 0.52539, 0.52539]
		},
		"gui": {
			"rotation": [0, 90, 0],
			"scale": [0.42969, 0.42969, 0.42969]
		},
		"fixed": {
			"rotation": [0, 90, 0],
			"scale": [0.42969, 0.42969, 0.42969]
		}
	},
	"groups": [
		{
			"name": "group",
			"origin": [5, -1.25, 14.5],
			"color": 0,
			"children": [0, 1, 2, 3]
		},
		{
			"name": "group",
			"origin": [5, 0.75, 10.5],
			"color": 0,
			"children": [4, 5, 6, 7, 8, 9, 10, 11, 12, 13, 14, 15, 16, 17, 18, 19, 20, 21, 22, 23]
		}
	]
}