{
	"credit": "Made with Blockbench",
	"textures": {
		"0": "block/anvil",
		"1": "block/smooth_stone",
		"2": "block/cobbled_deepslate",
		"particle": "block/anvil"
	},
	"elements": [
		{
			"from": [8, 11, -11],
			"to": [10, 13, -8],
			"rotation": {"angle": 45, "axis": "z", "origin": [8, 13, -11]},
			"faces": {
				"north": {"uv": [0, 0, 2, 2], "rotation": 270, "texture": "#2"},
				"east": {"uv": [0, 0, 2, 3], "rotation": 90, "texture": "#2"},
				"south": {"uv": [0, 0, 2, 2], "rotation": 90, "texture": "#2"},
				"west": {"uv": [0, 0, 2, 3], "rotation": 90, "texture": "#2"},
				"up": {"uv": [0, 0, 3, 2], "rotation": 90, "texture": "#2"},
				"down": {"uv": [3, 3, 6, 5], "rotation": 90, "texture": "#2"}
			}
		},
		{
			"from": [7.75, 10.25, -8.75],
			"to": [11, 15.25, -4.75],
			"rotation": {"angle": 22.5, "axis": "x", "origin": [9, 12.75, -8.75]},
			"faces": {
				"north": {"uv": [0, 0, 3.25, 5], "texture": "#0"},
				"east": {"uv": [0, 0, 4, 5], "texture": "#0"},
				"south": {"uv": [0, 0, 3.25, 5], "texture": "#0"},
				"west": {"uv": [0, 0, 4, 5], "texture": "#0"},
				"up": {"uv": [0, 0, 3.25, 4], "texture": "#0"},
				"down": {"uv": [0, 0, 3.25, 4], "texture": "#0"}
			}
		},
		{
			"from": [7.75009, 11.00009, -7.74991],
			"to": [10.99991, 15.24991, 11.74991],
			"rotation": {"angle": 0, "axis": "x", "origin": [9, 12.75, -2.75]},
			"faces": {
				"north": {"uv": [0, 0, 3.25, 4.25], "texture": "#0"},
				"east": {"uv": [0, 0, 16, 4.25], "texture": "#0"},
				"south": {"uv": [0, 0, 3.25, 4.25], "texture": "#0"},
				"west": {"uv": [0, 0, 16, 4.25], "texture": "#0"},
				"up": {"uv": [0, 0, 3.25, 16], "texture": "#0"},
				"down": {"uv": [0, 0, 3.25, 16], "texture": "#0"}
			}
		},
		{
			"from": [8.5, 15.25, -7.75],
			"to": [10.25, 15.75, 11.75],
			"rotation": {"angle": 0, "axis": "x", "origin": [9, 17, -2.75]},
			"faces": {
				"north": {"uv": [0, 0, 1.75, 0.5], "texture": "#2"},
				"east": {"uv": [0, 0, 16, 0.5], "texture": "#2"},
				"south": {"uv": [0, 0, 1.75, 0.5], "texture": "#2"},
				"west": {"uv": [0, 0, 16, 0.5], "texture": "#2"},
				"up": {"uv": [0, 0, 1.75, 16], "texture": "#2"},
				"down": {"uv": [0, 0, 1.75, 16], "texture": "#2"}
			}
		},
		{
			"from": [9, 15.75, 10.25],
			"to": [9.75, 16, 11.75],
			"rotation": {"angle": 0, "axis": "x", "origin": [9, 17.5, -2.75]},
			"faces": {
				"north": {"uv": [0, 0, 0.75, 0.25], "texture": "#0"},
				"east": {"uv": [0, 0, 1.5, 0.25], "texture": "#0"},
				"south": {"uv": [0, 0, 0.75, 0.25], "texture": "#0"},
				"west": {"uv": [0, 0, 1.5, 0.25], "texture": "#0"},
				"up": {"uv": [0, 0, 0.75, 1.5], "texture": "#0"},
				"down": {"uv": [0, 0, 0.75, 1.5], "texture": "#0"}
			}
		},
		{
			"from": [9.75, 15.75, 10.25],
			"to": [10, 16.5, 11.75],
			"rotation": {"angle": 0, "axis": "x", "origin": [9.75, 17.5, -2.75]},
			"faces": {
				"north": {"uv": [0, 0, 0.25, 0.75], "texture": "#0"},
				"east": {"uv": [0, 0, 1.5, 0.75], "texture": "#0"},
				"south": {"uv": [0, 0, 0.25, 0.75], "texture": "#0"},
				"west": {"uv": [0, 0, 1.5, 0.75], "texture": "#0"},
				"up": {"uv": [0, 0, 0.25, 1.5], "texture": "#0"},
				"down": {"uv": [0, 0, 0.25, 1.5], "texture": "#0"}
			}
		},
		{
			"from": [8.75, 15.75, 10.25],
			"to": [9, 16.5, 11.75],
			"rotation": {"angle": 0, "axis": "x", "origin": [8.75, 17.5, -2.75]},
			"faces": {
				"north": {"uv": [0, 0, 0.25, 0.75], "texture": "#0"},
				"east": {"uv": [0, 0, 1.5, 0.75], "texture": "#0"},
				"south": {"uv": [0, 0, 0.25, 0.75], "texture": "#0"},
				"west": {"uv": [0, 0, 1.5, 0.75], "texture": "#0"},
				"up": {"uv": [0, 0, 0.25, 1.5], "texture": "#0"},
				"down": {"uv": [0, 0, 0.25, 1.5], "texture": "#0"}
			}
		},
		{
			"from": [7.759, 9.009, -6.491],
			"to": [10.991, 12.741, 13.991],
			"rotation": {"angle": 0, "axis": "y", "origin": [9, 10.25, -2.75]},
			"faces": {
				"north": {"uv": [0, 0, 3.25, 3.75], "texture": "#0"},
				"east": {"uv": [0, 0, 16, 3.75], "texture": "#0"},
				"south": {"uv": [0, 0, 3.25, 3.75], "texture": "#0"},
				"west": {"uv": [0, 0, 16, 3.75], "texture": "#0"},
				"up": {"uv": [0, 0, 3.25, 16], "texture": "#0"},
				"down": {"uv": [0, 0, 3.25, 16], "texture": "#0"}
			}
		},
		{
			"from": [8.25, 4.5, 4.5],
			"to": [10.5, 9, 9],
			"rotation": {"angle": 0, "axis": "x", "origin": [9, 10.25, -2.75]},
			"faces": {
				"north": {"uv": [4, 5, 6, 9], "texture": "#1"},
				"east": {"uv": [1, 5, 5, 9], "texture": "#1"},
				"south": {"uv": [10, 5, 12, 9], "texture": "#1"},
				"west": {"uv": [6, 5, 10, 9], "texture": "#1"},
				"up": {"uv": [6, 5, 4, 1], "texture": "#1"},
				"down": {"uv": [8, 1, 6, 5], "texture": "#1"}
			}
		},
		{
			"from": [8, 7.25, -3],
			"to": [10.5, 9, -0.75],
			"rotation": {"angle": 0, "axis": "x", "origin": [9, 10.25, -10.5]},
			"faces": {
				"north": {"uv": [1, 1, 3.5, 2.75], "texture": "#1"},
				"east": {"uv": [1, 1, 3.25, 2.75], "texture": "#1"},
				"south": {"uv": [1, 1, 3.5, 2.75], "texture": "#1"},
				"west": {"uv": [1, 1, 3.25, 2.75], "texture": "#1"},
				"up": {"uv": [0, 0, 2.5, 2.25], "texture": "#1"},
				"down": {"uv": [0, 0, 2.5, 2.25], "texture": "#1"}
			}
		},
		{
			"from": [8, 3.5, -3],
			"to": [10.5, 7.25, -0.75],
			"rotation": {"angle": 0, "axis": "x", "origin": [9, 10.25, -10.5]},
			"faces": {
				"north": {"uv": [1, 2, 3.5, 5.75], "texture": "#1"},
				"east": {"uv": [1, 3, 3.25, 6.75], "texture": "#1"},
				"south": {"uv": [1, 3, 3.5, 6.75], "texture": "#1"},
				"west": {"uv": [1, 3, 3.25, 6.75], "texture": "#1"},
				"up": {"uv": [0, 0, 2.5, 2.25], "texture": "#1"},
				"down": {"uv": [0, 0, 2.5, 2.25], "texture": "#1"}
			}
		},
		{
			"from": [8.75, -0.25, 5.25],
			"to": [10, 4.5, 7.5],
			"rotation": {"angle": 0, "axis": "x", "origin": [9, 10.25, -3.5]},
			"faces": {
				"north": {"uv": [3, 1, 4.25, 5.75], "texture": "#1"},
				"east": {"uv": [3, 2, 5.25, 6.75], "texture": "#1"},
				"south": {"uv": [6, 3, 7.25, 7.75], "texture": "#1"},
				"west": {"uv": [5, 3, 7.25, 7.75], "texture": "#1"},
				"up": {"uv": [0, 0, 1.25, 2.25], "texture": "#1"},
				"down": {"uv": [0, 0, 1.25, 2.25], "texture": "#1"}
			}
		},
		{
			"from": [8.5, 10.25, 14],
			"to": [10.25, 11.75, 28],
			"rotation": {"angle": 0, "axis": "x", "origin": [9, 10.25, -2.75]},
			"faces": {
				"north": {"uv": [0, 0, 1.75, 1.5], "texture": "#2"},
				"east": {"uv": [0, 0, 14, 1.5], "texture": "#2"},
				"south": {"uv": [0, 0, 1.75, 1.5], "texture": "#2"},
				"west": {"uv": [0, 0, 14, 1.5], "texture": "#2"},
				"up": {"uv": [0, 0, 1.75, 14], "texture": "#2"},
				"down": {"uv": [0, 0, 1.75, 14], "texture": "#2"}
			}
		},
		{
			"from": [8.5, 5.25, 26.25],
			"to": [10.25, 10.25, 28],
			"rotation": {"angle": 0, "axis": "x", "origin": [9, 10.25, -2.75]},
			"faces": {
				"north": {"uv": [0, 0, 1.75, 5], "texture": "#2"},
				"east": {"uv": [0, 0, 1.75, 5], "texture": "#2"},
				"south": {"uv": [0, 0, 1.75, 5], "texture": "#2"},
				"west": {"uv": [0, 0, 1.75, 5], "texture": "#2"},
				"up": {"uv": [0, 0, 1.75, 1.75], "texture": "#2"},
				"down": {"uv": [0, 0, 1.75, 1.75], "texture": "#2"}
			}
		},
		{
			"from": [8.75, 15.75, 9.25],
			"to": [10, 16, 9.75],
			"rotation": {"angle": 0, "axis": "y", "origin": [7.75, 15.75, 0]},
			"faces": {
				"north": {"uv": [0, 0, 1.25, 0.25], "texture": "#2"},
				"east": {"uv": [0, 0, 0.5, 0.25], "texture": "#2"},
				"south": {"uv": [0, 0, 1.25, 0.25], "texture": "#2"},
				"west": {"uv": [0, 0, 0.5, 0.25], "texture": "#2"},
				"up": {"uv": [0, 0, 1.25, 0.5], "texture": "#2"},
				"down": {"uv": [0, 0, 1.25, 0.5], "texture": "#2"}
			}
		},
		{
			"from": [8.75, 15.75, 7.25],
			"to": [10, 16, 7.75],
			"rotation": {"angle": 0, "axis": "y", "origin": [7.75, 15.75, -2]},
			"faces": {
				"north": {"uv": [0, 0, 1.25, 0.25], "texture": "#2"},
				"east": {"uv": [0, 0, 0.5, 0.25], "texture": "#2"},
				"south": {"uv": [0, 0, 1.25, 0.25], "texture": "#2"},
				"west": {"uv": [0, 0, 0.5, 0.25], "texture": "#2"},
				"up": {"uv": [0, 0, 1.25, 0.5], "texture": "#2"},
				"down": {"uv": [0, 0, 1.25, 0.5], "texture": "#2"}
			}
		},
		{
			"from": [8.75, 15.75, 6.25],
			"to": [10, 16, 6.75],
			"rotation": {"angle": 0, "axis": "y", "origin": [7.75, 15.75, -3]},
			"faces": {
				"north": {"uv": [0, 0, 1.25, 0.25], "texture": "#2"},
				"east": {"uv": [0, 0, 0.5, 0.25], "texture": "#2"},
				"south": {"uv": [0, 0, 1.25, 0.25], "texture": "#2"},
				"west": {"uv": [0, 0, 0.5, 0.25], "texture": "#2"},
				"up": {"uv": [0, 0, 1.25, 0.5], "texture": "#2"},
				"down": {"uv": [0, 0, 1.25, 0.5], "texture": "#2"}
			}
		},
		{
			"from": [8.75, 15.75, 5.25],
			"to": [10, 16, 5.75],
			"rotation": {"angle": 0, "axis": "y", "origin": [7.75, 15.75, -4]},
			"faces": {
				"north": {"uv": [0, 0, 1.25, 0.25], "texture": "#2"},
				"east": {"uv": [0, 0, 0.5, 0.25], "texture": "#2"},
				"south": {"uv": [0, 0, 1.25, 0.25], "texture": "#2"},
				"west": {"uv": [0, 0, 0.5, 0.25], "texture": "#2"},
				"up": {"uv": [0, 0, 1.25, 0.5], "texture": "#2"},
				"down": {"uv": [0, 0, 1.25, 0.5], "texture": "#2"}
			}
		},
		{
			"from": [8.75, 15.75, 1.25],
			"to": [10, 16, 1.75],
			"rotation": {"angle": 0, "axis": "y", "origin": [7.75, 15.75, -8]},
			"faces": {
				"north": {"uv": [0, 0, 1.25, 0.25], "texture": "#2"},
				"east": {"uv": [0, 0, 0.5, 0.25], "texture": "#2"},
				"south": {"uv": [0, 0, 1.25, 0.25], "texture": "#2"},
				"west": {"uv": [0, 0, 0.5, 0.25], "texture": "#2"},
				"up": {"uv": [0, 0, 1.25, 0.5], "texture": "#2"},
				"down": {"uv": [0, 0, 1.25, 0.5], "texture": "#2"}
			}
		},
		{
			"from": [8.75, 15.75, 2.25],
			"to": [10, 16, 2.75],
			"rotation": {"angle": 0, "axis": "y", "origin": [7.75, 15.75, -7]},
			"faces": {
				"north": {"uv": [0, 0, 1.25, 0.25], "texture": "#2"},
				"east": {"uv": [0, 0, 0.5, 0.25], "texture": "#2"},
				"south": {"uv": [0, 0, 1.25, 0.25], "texture": "#2"},
				"west": {"uv": [0, 0, 0.5, 0.25], "texture": "#2"},
				"up": {"uv": [0, 0, 1.25, 0.5], "texture": "#2"},
				"down": {"uv": [0, 0, 1.25, 0.5], "texture": "#2"}
			}
		},
		{
			"from": [8.75, 15.75, 3.25],
			"to": [10, 16, 3.75],
			"rotation": {"angle": 0, "axis": "y", "origin": [7.75, 15.75, -6]},
			"faces": {
				"north": {"uv": [0, 0, 1.25, 0.25], "texture": "#2"},
				"east": {"uv": [0, 0, 0.5, 0.25], "texture": "#2"},
				"south": {"uv": [0, 0, 1.25, 0.25], "texture": "#2"},
				"west": {"uv": [0, 0, 0.5, 0.25], "texture": "#2"},
				"up": {"uv": [0, 0, 1.25, 0.5], "texture": "#2"},
				"down": {"uv": [0, 0, 1.25, 0.5], "texture": "#2"}
			}
		},
		{
			"from": [8.75, 15.75, 4.25],
			"to": [10, 16, 4.75],
			"rotation": {"angle": 0, "axis": "y", "origin": [7.75, 15.75, -5]},
			"faces": {
				"north": {"uv": [0, 0, 1.25, 0.25], "texture": "#2"},
				"east": {"uv": [0, 0, 0.5, 0.25], "texture": "#2"},
				"south": {"uv": [0, 0, 1.25, 0.25], "texture": "#2"},
				"west": {"uv": [0, 0, 0.5, 0.25], "texture": "#2"},
				"up": {"uv": [0, 0, 1.25, 0.5], "texture": "#2"},
				"down": {"uv": [0, 0, 1.25, 0.5], "texture": "#2"}
			}
		},
		{
			"from": [8.75, 15.75, 0.25],
			"to": [10, 16, 0.75],
			"rotation": {"angle": 0, "axis": "y", "origin": [7.75, 15.75, -9]},
			"faces": {
				"north": {"uv": [0, 0, 1.25, 0.25], "texture": "#2"},
				"east": {"uv": [0, 0, 0.5, 0.25], "texture": "#2"},
				"south": {"uv": [0, 0, 1.25, 0.25], "texture": "#2"},
				"west": {"uv": [0, 0, 0.5, 0.25], "texture": "#2"},
				"up": {"uv": [0, 0, 1.25, 0.5], "texture": "#2"},
				"down": {"uv": [0, 0, 1.25, 0.5], "texture": "#2"}
			}
		},
		{
			"from": [8.75, 15.75, -3.75],
			"to": [10, 16, -3.25],
			"rotation": {"angle": 0, "axis": "y", "origin": [7.75, 15.75, -13]},
			"faces": {
				"north": {"uv": [0, 0, 1.25, 0.25], "texture": "#2"},
				"east": {"uv": [0, 0, 0.5, 0.25], "texture": "#2"},
				"south": {"uv": [0, 0, 1.25, 0.25], "texture": "#2"},
				"west": {"uv": [0, 0, 0.5, 0.25], "texture": "#2"},
				"up": {"uv": [0, 0, 1.25, 0.5], "texture": "#2"},
				"down": {"uv": [0, 0, 1.25, 0.5], "texture": "#2"}
			}
		},
		{
			"from": [8.75, 15.75, -2.75],
			"to": [10, 16, -2.25],
			"rotation": {"angle": 0, "axis": "y", "origin": [7.75, 15.75, -12]},
			"faces": {
				"north": {"uv": [0, 0, 1.25, 0.25], "texture": "#2"},
				"east": {"uv": [0, 0, 0.5, 0.25], "texture": "#2"},
				"south": {"uv": [0, 0, 1.25, 0.25], "texture": "#2"},
				"west": {"uv": [0, 0, 0.5, 0.25], "texture": "#2"},
				"up": {"uv": [0, 0, 1.25, 0.5], "texture": "#2"},
				"down": {"uv": [0, 0, 1.25, 0.5], "texture": "#2"}
			}
		},
		{
			"from": [8.75, 15.75, -1.75],
			"to": [10, 16, -1.25],
			"rotation": {"angle": 0, "axis": "y", "origin": [7.75, 15.75, -11]},
			"faces": {
				"north": {"uv": [0, 0, 1.25, 0.25], "texture": "#2"},
				"east": {"uv": [0, 0, 0.5, 0.25], "texture": "#2"},
				"south": {"uv": [0, 0, 1.25, 0.25], "texture": "#2"},
				"west": {"uv": [0, 0, 0.5, 0.25], "texture": "#2"},
				"up": {"uv": [0, 0, 1.25, 0.5], "texture": "#2"},
				"down": {"uv": [0, 0, 1.25, 0.5], "texture": "#2"}
			}
		},
		{
			"from": [8.75, 15.75, -0.75],
			"to": [10, 16, -0.25],
			"rotation": {"angle": 0, "axis": "y", "origin": [7.75, 15.75, -10]},
			"faces": {
				"north": {"uv": [0, 0, 1.25, 0.25], "texture": "#2"},
				"east": {"uv": [0, 0, 0.5, 0.25], "texture": "#2"},
				"south": {"uv": [0, 0, 1.25, 0.25], "texture": "#2"},
				"west": {"uv": [0, 0, 0.5, 0.25], "texture": "#2"},
				"up": {"uv": [0, 0, 1.25, 0.5], "texture": "#2"},
				"down": {"uv": [0, 0, 1.25, 0.5], "texture": "#2"}
			}
		},
		{
			"from": [8.75, 15.75, -4.75],
			"to": [10, 16, -4.25],
			"rotation": {"angle": 0, "axis": "y", "origin": [7.75, 15.75, -14]},
			"faces": {
				"north": {"uv": [0, 0, 1.25, 0.25], "texture": "#2"},
				"east": {"uv": [0, 0, 0.5, 0.25], "texture": "#2"},
				"south": {"uv": [0, 0, 1.25, 0.25], "texture": "#2"},
				"west": {"uv": [0, 0, 0.5, 0.25], "texture": "#2"},
				"up": {"uv": [0, 0, 1.25, 0.5], "texture": "#2"},
				"down": {"uv": [0, 0, 1.25, 0.5], "texture": "#2"}
			}
		},
		{
			"from": [8.5, 15.75, -7.5],
			"to": [10.25, 16, -5.25],
			"rotation": {"angle": 0, "axis": "y", "origin": [7.75, 15.75, -15]},
			"faces": {
				"north": {"uv": [0, 0, 1.75, 0.25], "texture": "#2"},
				"east": {"uv": [0, 0, 2.25, 0.25], "texture": "#2"},
				"south": {"uv": [0, 0, 1.75, 0.25], "texture": "#2"},
				"west": {"uv": [0, 0, 2.25, 0.25], "texture": "#2"},
				"up": {"uv": [0, 0, 1.75, 2.25], "texture": "#2"},
				"down": {"uv": [0, 0, 1.75, 2.25], "texture": "#2"}
			}
		},
		{
			"from": [8.75, 15.75, 8.25],
			"to": [10, 16, 8.75],
			"rotation": {"angle": 0, "axis": "y", "origin": [7.75, 15.75, -1]},
			"faces": {
				"north": {"uv": [0, 0, 1.25, 0.25], "texture": "#2"},
				"east": {"uv": [0, 0, 0.5, 0.25], "texture": "#2"},
				"south": {"uv": [0, 0, 1.25, 0.25], "texture": "#2"},
				"west": {"uv": [0, 0, 0.5, 0.25], "texture": "#2"},
				"up": {"uv": [0, 0, 1.25, 0.5], "texture": "#2"},
				"down": {"uv": [0, 0, 1.25, 0.5], "texture": "#2"}
			}
		},
		{
			"from": [8.75, 15.75, 9.25],
			"to": [10, 16, 9.75],
			"rotation": {"angle": 0, "axis": "y", "origin": [7.75, 15.75, 0]},
			"color": 3,
			"faces": {
				"north": {"uv": [0, 0, 1.25, 0.25], "texture": "#missing"},
				"east": {"uv": [0, 0, 0.5, 0.25], "texture": "#missing"},
				"south": {"uv": [0, 0, 1.25, 0.25], "texture": "#missing"},
				"west": {"uv": [0, 0, 0.5, 0.25], "texture": "#missing"},
				"up": {"uv": [0, 0, 1.25, 0.5], "texture": "#missing"},
				"down": {"uv": [0, 0, 1.25, 0.5], "texture": "#missing"}
			}
		}
	],
	"display": {
		"thirdperson_righthand": {
			"scale": [0.4082, 0.4082, 0.4082]
		},
		"thirdperson_lefthand": {
			"scale": [0.4082, 0.4082, 0.4082]
		},
		"firstperson_righthand": {
			"translation": [0, 0, 2],
			"scale": [0.57031, 0.57031, 0.57031]
		},
		"firstperson_lefthand": {
			"translation": [0, 0, 2],
			"scale": [0.57031, 0.57031, 0.57031]
		},
		"ground": {
			"scale": [0.38477, 0.38477, 0.38477]
		},
		"gui": {
			"rotation": [180, -81, 180],
			"scale": [0.38477, 0.38477, 0.38477]
		},
		"fixed": {
			"scale": [0.38477, 0.38477, 0.38477]
		}
	}
}