{
	"credit": "Made with Blockbench",
	"textures": {
		"0": "block/mangrove_log",
		"1": "block/anvil",
		"3": "block/red_stained_glass",
		"particle": "block/mangrove_log"
	},
	"elements": [
		{
			"from": [7.75, 11, -16],
			"to": [9.75, 13, 5.5],
			"rotation": {"angle": -45, "axis": "z", "origin": [7.75, 11, 0]},
			"faces": {
				"north": {"uv": [0, 0, 2, 2], "texture": "#1"},
				"east": {"uv": [0, 0, 16, 2], "texture": "#1"},
				"south": {"uv": [0, 0, 2, 2], "texture": "#1"},
				"west": {"uv": [0, 0, 16, 2], "texture": "#1"},
				"up": {"uv": [0, 0, 2, 16], "texture": "#1"},
				"down": {"uv": [0, 0, 2, 16], "texture": "#1"}
			}
		},
		{
			"from": [7.75, 7.5, 5.5],
			"to": [10.5, 12.5, 12.5],
			"rotation": {"angle": 0, "axis": "y", "origin": [7.75, 11, 0]},
			"faces": {
				"north": {"uv": [0, 0, 5, 2.75], "rotation": 270, "texture": "#1"},
				"east": {"uv": [0, 0, 5, 7], "rotation": 90, "texture": "#1"},
				"south": {"uv": [0, 0, 5, 2.75], "rotation": 90, "texture": "#1"},
				"west": {"uv": [0, 0, 5, 7], "rotation": 90, "texture": "#1"},
				"up": {"uv": [0, 0, 7, 2.75], "rotation": 90, "texture": "#1"},
				"down": {"uv": [0, 0, 7, 2.75], "rotation": 90, "texture": "#1"}
			}
		},
		{
			"from": [7.5, 6.75, -9],
			"to": [10.75, 9.75, -2.5],
			"rotation": {"angle": 0, "axis": "y", "origin": [7.75, 11, -1.5]},
			"faces": {
				"north": {"uv": [0, 0, 3, 3.25], "rotation": 270, "texture": "#0"},
				"east": {"uv": [0, 0, 3, 6.5], "rotation": 90, "texture": "#0"},
				"south": {"uv": [0, 0, 3, 3.25], "rotation": 90, "texture": "#0"},
				"west": {"uv": [0, 0, 3, 6.5], "rotation": 90, "texture": "#0"},
				"up": {"uv": [0, 0, 6.5, 3.25], "rotation": 90, "texture": "#0"},
				"down": {"uv": [0, 0, 6.5, 3.25], "rotation": 90, "texture": "#0"}
			}
		},
		{
			"from": [8.21967, 7.2448, -11.5],
			"to": [10.21967, 9.2448, -10],
			"rotation": {"angle": -45, "axis": "z", "origin": [9.21967, 8.2448, -10.75]},
			"faces": {
				"north": {"uv": [0, 0, 2, 2], "rotation": 270, "texture": "#1"},
				"east": {"uv": [0, 0, 2, 1.5], "rotation": 90, "texture": "#1"},
				"south": {"uv": [0, 0, 2, 2], "rotation": 90, "texture": "#1"},
				"west": {"uv": [0, 0, 2, 1.5], "rotation": 90, "texture": "#1"},
				"up": {"uv": [0, 0, 1.5, 2], "rotation": 90, "texture": "#1"},
				"down": {"uv": [0, 0, 1.5, 2], "rotation": 90, "texture": "#1"}
			}
		},
		{
			"from": [9, 6.5, 11.5],
			"to": [9.5, 7.5, 12.5],
			"rotation": {"angle": 0, "axis": "y", "origin": [7.75, 11, 0]},
			"faces": {
				"north": {"uv": [0, 0, 1, 0.5], "rotation": 270, "texture": "#1"},
				"east": {"uv": [0, 0, 1, 1], "rotation": 90, "texture": "#1"},
				"south": {"uv": [0, 0, 1, 0.5], "rotation": 90, "texture": "#1"},
				"west": {"uv": [0, 0, 1, 1], "rotation": 90, "texture": "#1"},
				"up": {"uv": [0, 0, 1, 0.5], "rotation": 90, "texture": "#1"},
				"down": {"uv": [0, 0, 1, 0.5], "rotation": 90, "texture": "#1"}
			}
		},
		{
			"from": [9, 6.5, 15],
			"to": [9.5, 7.5, 15.5],
			"rotation": {"angle": 0, "axis": "y", "origin": [7.75, 11, 3]},
			"faces": {
				"north": {"uv": [0, 0, 1, 0.5], "rotation": 270, "texture": "#1"},
				"east": {"uv": [0, 0, 1, 0.5], "rotation": 90, "texture": "#1"},
				"south": {"uv": [0, 0, 1, 0.5], "rotation": 90, "texture": "#1"},
				"west": {"uv": [0, 0, 1, 0.5], "rotation": 90, "texture": "#1"},
				"up": {"uv": [0, 0, 0.5, 0.5], "rotation": 90, "texture": "#1"},
				"down": {"uv": [0, 0, 0.5, 0.5], "rotation": 90, "texture": "#1"}
			}
		},
		{
			"from": [9, 7, 14],
			"to": [9.5, 7.5, 14.5],
			"rotation": {"angle": 0, "axis": "y", "origin": [7.75, 11, 2]},
			"faces": {
				"north": {"uv": [0, 0, 0.5, 0.5], "rotation": 270, "texture": "#1"},
				"east": {"uv": [0, 0, 0.5, 0.5], "rotation": 90, "texture": "#1"},
				"south": {"uv": [0, 0, 0.5, 0.5], "rotation": 90, "texture": "#1"},
				"west": {"uv": [0, 0, 0.5, 0.5], "rotation": 90, "texture": "#1"},
				"up": {"uv": [0, 0, 0.5, 0.5], "rotation": 90, "texture": "#1"},
				"down": {"uv": [0, 0, 0.5, 0.5], "rotation": 90, "texture": "#1"}
			}
		},
		{
			"from": [9, 6.75, 13.75],
			"to": [9.5, 7, 14],
			"rotation": {"angle": 0, "axis": "y", "origin": [7.75, 11, 2]},
			"faces": {
				"north": {"uv": [0, 0, 0.25, 0.5], "rotation": 270, "texture": "#1"},
				"east": {"uv": [0, 0, 0.25, 0.25], "rotation": 90, "texture": "#1"},
				"south": {"uv": [0, 0, 0.25, 0.5], "rotation": 90, "texture": "#1"},
				"west": {"uv": [0, 0, 0.25, 0.25], "rotation": 90, "texture": "#1"},
				"up": {"uv": [0, 0, 0.25, 0.5], "rotation": 90, "texture": "#1"},
				"down": {"uv": [0, 0, 0.25, 0.5], "rotation": 90, "texture": "#1"}
			}
		},
		{
			"from": [9, 6, 12],
			"to": [9.5, 6.5, 15],
			"rotation": {"angle": 0, "axis": "y", "origin": [7.75, 11, 0]},
			"faces": {
				"north": {"uv": [0, 0, 0.5, 0.5], "rotation": 270, "texture": "#1"},
				"east": {"uv": [0, 0, 0.5, 3], "rotation": 90, "texture": "#1"},
				"south": {"uv": [0, 0, 0.5, 0.5], "rotation": 90, "texture": "#1"},
				"west": {"uv": [0, 0, 0.5, 3], "rotation": 90, "texture": "#1"},
				"up": {"uv": [0, 0, 3, 0.5], "rotation": 90, "texture": "#1"},
				"down": {"uv": [0, 0, 3, 0.5], "rotation": 90, "texture": "#1"}
			}
		},
		{
			"from": [7.75, 7.5, 12.25],
			"to": [10.5, 11, 15.5],
			"rotation": {"angle": 0, "axis": "y", "origin": [7.75, 11, 0]},
			"faces": {
				"north": {"uv": [0, 0, 3.5, 2.75], "rotation": 270, "texture": "#1"},
				"east": {"uv": [0, 0, 3.5, 3.25], "rotation": 90, "texture": "#1"},
				"south": {"uv": [0, 0, 3.5, 2.75], "rotation": 90, "texture": "#1"},
				"west": {"uv": [0, 0, 3.5, 3.25], "rotation": 90, "texture": "#1"},
				"up": {"uv": [0, 0, 3.25, 2.75], "rotation": 90, "texture": "#1"},
				"down": {"uv": [0, 0, 3.25, 2.75], "rotation": 90, "texture": "#1"}
			}
		},
		{
			"from": [7.75, 12.25, 11.5],
			"to": [10.5, 14.75, 15.25],
			"rotation": {"angle": 22.5, "axis": "x", "origin": [7.75, 11, 6]},
			"faces": {
				"north": {"uv": [0, 0, 2.5, 2.75], "rotation": 270, "texture": "#1"},
				"east": {"uv": [0, 0, 2.5, 3.75], "rotation": 90, "texture": "#1"},
				"south": {"uv": [0, 0, 2.5, 2.75], "rotation": 90, "texture": "#1"},
				"west": {"uv": [0, 0, 2.5, 3.75], "rotation": 90, "texture": "#1"},
				"up": {"uv": [0, 0, 3.75, 2.75], "rotation": 90, "texture": "#1"},
				"down": {"uv": [0, 0, 3.75, 2.75], "rotation": 90, "texture": "#1"}
			}
		},
		{
			"from": [8, 11.5, 15.25],
			"to": [10.25, 14.75, 19.25],
			"rotation": {"angle": 22.5, "axis": "x", "origin": [7.75, 11, 6]},
			"faces": {
				"north": {"uv": [0, 0, 3.25, 2.25], "rotation": 270, "texture": "#0"},
				"east": {"uv": [0, 0, 3.25, 4], "rotation": 90, "texture": "#0"},
				"south": {"uv": [0, 0, 3.25, 2.25], "rotation": 90, "texture": "#0"},
				"west": {"uv": [0, 0, 3.25, 4], "rotation": 90, "texture": "#0"},
				"up": {"uv": [0, 0, 4, 2.25], "rotation": 90, "texture": "#0"},
				"down": {"uv": [0, 0, 4, 2.25], "rotation": 90, "texture": "#0"}
			}
		},
		{
			"from": [8, 9, 20.5],
			"to": [10.25, 14, 29.5],
			"rotation": {"angle": 22.5, "axis": "x", "origin": [7.75, 13.5, 11.75]},
			"faces": {
				"north": {"uv": [0, 0, 5, 2.25], "rotation": 270, "texture": "#0"},
				"east": {"uv": [0, 0, 5, 9], "rotation": 90, "texture": "#0"},
				"south": {"uv": [0, 0, 5, 2.25], "rotation": 90, "texture": "#0"},
				"west": {"uv": [0, 0, 5, 9], "rotation": 90, "texture": "#0"},
				"up": {"uv": [0, 0, 9, 2.25], "rotation": 90, "texture": "#0"},
				"down": {"uv": [0, 0, 9, 2.25], "rotation": 90, "texture": "#0"}
			}
		},
		{
			"from": [7.75, 8.25, -15.5],
			"to": [9.75, 10.25, 5.5],
			"rotation": {"angle": -45, "axis": "z", "origin": [7.75, 8.25, 0]},
			"faces": {
				"north": {"uv": [0, 0, 2, 2], "texture": "#1"},
				"east": {"uv": [0, 0, 16, 2], "texture": "#1"},
				"south": {"uv": [0, 0, 2, 2], "texture": "#1"},
				"west": {"uv": [0, 0, 16, 2], "texture": "#1"},
				"up": {"uv": [0, 0, 2, 16], "texture": "#1"},
				"down": {"uv": [0, 0, 2, 16], "texture": "#1"}
			}
		},
		{
			"from": [9, 11, -15.5],
			"to": [9.25, 12.75, -13.5],
			"rotation": {"angle": 0, "axis": "y", "origin": [8.25, 11, -15.5]},
			"faces": {
				"north": {"uv": [0, 0, 0.25, 1.75], "texture": "#1"},
				"east": {"uv": [0, 0, 2, 1.75], "texture": "#1"},
				"south": {"uv": [0, 0, 0.25, 1.75], "texture": "#1"},
				"west": {"uv": [0, 0, 2, 1.75], "texture": "#1"},
				"up": {"uv": [0, 0, 0.25, 2], "texture": "#1"},
				"down": {"uv": [0, 0, 0.25, 2], "texture": "#1"}
			}
		},
		{
			"from": [8.75, 12.25, 9],
			"to": [9.5, 13, 10],
			"rotation": {"angle": 0, "axis": "y", "origin": [8.25, 11, 8.25]},
			"faces": {
				"north": {"uv": [0, 0, 0.75, 0.75], "texture": "#1"},
				"east": {"uv": [0, 0, 1, 0.75], "texture": "#1"},
				"south": {"uv": [0, 0, 0.75, 0.75], "texture": "#1"},
				"west": {"uv": [0, 0, 1, 0.75], "texture": "#1"},
				"up": {"uv": [0, 0, 0.75, 1], "texture": "#1"},
				"down": {"uv": [0, 0, 0.75, 1], "texture": "#1"}
			}
		},
		{
			"from": [8.5, 12.25, 6.75],
			"to": [9.75, 12.75, 10.25],
			"rotation": {"angle": 0, "axis": "y", "origin": [8.25, 11, 7.25]},
			"faces": {
				"north": {"uv": [0, 0, 1.25, 0.5], "texture": "#1"},
				"east": {"uv": [0, 0, 3.5, 0.5], "texture": "#1"},
				"south": {"uv": [0, 0, 1.25, 0.5], "texture": "#1"},
				"west": {"uv": [0, 0, 3.5, 0.5], "texture": "#1"},
				"up": {"uv": [0, 0, 1.25, 3.5], "texture": "#1"},
				"down": {"uv": [0, 0, 1.25, 3.5], "texture": "#1"}
			}
		},
		{
			"from": [9.25, 12.75, 7],
			"to": [9.75, 13, 7.25],
			"rotation": {"angle": 0, "axis": "y", "origin": [8.25, 11.25, 7]},
			"faces": {
				"north": {"uv": [0, 0, 0.5, 0.25], "texture": "#1"},
				"east": {"uv": [0, 0, 0.25, 0.25], "texture": "#1"},
				"south": {"uv": [0, 0, 0.5, 0.25], "texture": "#1"},
				"west": {"uv": [0, 0, 0.25, 0.25], "texture": "#1"},
				"up": {"uv": [0, 0, 0.5, 0.25], "texture": "#1"},
				"down": {"uv": [0, 0, 0.5, 0.25], "texture": "#1"}
			}
		},
		{
			"from": [9.25, 12.75, 7.5],
			"to": [9.75, 13, 7.75],
			"rotation": {"angle": 0, "axis": "y", "origin": [8.25, 11.25, 7.5]},
			"faces": {
				"north": {"uv": [0, 0, 0.5, 0.25], "texture": "#1"},
				"east": {"uv": [0, 0, 0.25, 0.25], "texture": "#1"},
				"south": {"uv": [0, 0, 0.5, 0.25], "texture": "#1"},
				"west": {"uv": [0, 0, 0.25, 0.25], "texture": "#1"},
				"up": {"uv": [0, 0, 0.5, 0.25], "texture": "#1"},
				"down": {"uv": [0, 0, 0.5, 0.25], "texture": "#1"}
			}
		},
		{
			"from": [9.25, 12.75, 8],
			"to": [9.75, 13, 8.25],
			"rotation": {"angle": 0, "axis": "y", "origin": [8.25, 11.25, 8]},
			"faces": {
				"north": {"uv": [0, 0, 0.5, 0.25], "texture": "#1"},
				"east": {"uv": [0, 0, 0.25, 0.25], "texture": "#1"},
				"south": {"uv": [0, 0, 0.5, 0.25], "texture": "#1"},
				"west": {"uv": [0, 0, 0.25, 0.25], "texture": "#1"},
				"up": {"uv": [0, 0, 0.5, 0.25], "texture": "#1"},
				"down": {"uv": [0, 0, 0.5, 0.25], "texture": "#1"}
			}
		},
		{
			"from": [9.25, 12.75, 8.5],
			"to": [9.75, 13, 8.75],
			"rotation": {"angle": 0, "axis": "y", "origin": [8.25, 11.25, 8.5]},
			"faces": {
				"north": {"uv": [0, 0, 0.5, 0.25], "texture": "#1"},
				"east": {"uv": [0, 0, 0.25, 0.25], "texture": "#1"},
				"south": {"uv": [0, 0, 0.5, 0.25], "texture": "#1"},
				"west": {"uv": [0, 0, 0.25, 0.25], "texture": "#1"},
				"up": {"uv": [0, 0, 0.5, 0.25], "texture": "#1"},
				"down": {"uv": [0, 0, 0.5, 0.25], "texture": "#1"}
			}
		},
		{
			"from": [8.5, 12.75, 7],
			"to": [9, 13, 7.25],
			"rotation": {"angle": 0, "axis": "y", "origin": [7.5, 11.25, 7]},
			"faces": {
				"north": {"uv": [0, 0, 0.5, 0.25], "texture": "#1"},
				"east": {"uv": [0, 0, 0.25, 0.25], "texture": "#1"},
				"south": {"uv": [0, 0, 0.5, 0.25], "texture": "#1"},
				"west": {"uv": [0, 0, 0.25, 0.25], "texture": "#1"},
				"up": {"uv": [0, 0, 0.5, 0.25], "texture": "#1"},
				"down": {"uv": [0, 0, 0.5, 0.25], "texture": "#1"}
			}
		},
		{
			"from": [8.5, 12.75, 7.5],
			"to": [9, 13, 7.75],
			"rotation": {"angle": 0, "axis": "y", "origin": [7.5, 11.25, 7.5]},
			"faces": {
				"north": {"uv": [0, 0, 0.5, 0.25], "texture": "#1"},
				"east": {"uv": [0, 0, 0.25, 0.25], "texture": "#1"},
				"south": {"uv": [0, 0, 0.5, 0.25], "texture": "#1"},
				"west": {"uv": [0, 0, 0.25, 0.25], "texture": "#1"},
				"up": {"uv": [0, 0, 0.5, 0.25], "texture": "#1"},
				"down": {"uv": [0, 0, 0.5, 0.25], "texture": "#1"}
			}
		},
		{
			"from": [8.5, 12.75, 8],
			"to": [9, 13, 8.25],
			"rotation": {"angle": 0, "axis": "y", "origin": [7.5, 11.25, 8]},
			"faces": {
				"north": {"uv": [0, 0, 0.5, 0.25], "texture": "#1"},
				"east": {"uv": [0, 0, 0.25, 0.25], "texture": "#1"},
				"south": {"uv": [0, 0, 0.5, 0.25], "texture": "#1"},
				"west": {"uv": [0, 0, 0.25, 0.25], "texture": "#1"},
				"up": {"uv": [0, 0, 0.5, 0.25], "texture": "#1"},
				"down": {"uv": [0, 0, 0.5, 0.25], "texture": "#1"}
			}
		},
		{
			"from": [8.5, 12.75, 8.5],
			"to": [9, 13, 8.75],
			"rotation": {"angle": 0, "axis": "y", "origin": [7.5, 11.25, 8.5]},
			"faces": {
				"north": {"uv": [0, 0, 0.5, 0.25], "texture": "#1"},
				"east": {"uv": [0, 0, 0.25, 0.25], "texture": "#1"},
				"south": {"uv": [0, 0, 0.5, 0.25], "texture": "#1"},
				"west": {"uv": [0, 0, 0.25, 0.25], "texture": "#1"},
				"up": {"uv": [0, 0, 0.5, 0.25], "texture": "#1"},
				"down": {"uv": [0, 0, 0.5, 0.25], "texture": "#1"}
			}
		},
		{
			"from": [8.25, 12.5, 8.5],
			"to": [8.5, 12.75, 8.75],
			"rotation": {"angle": 0, "axis": "y", "origin": [7.25, 11, 8.5]},
			"faces": {
				"north": {"uv": [0, 0, 0.25, 0.25], "texture": "#1"},
				"east": {"uv": [0, 0, 0.25, 0.25], "texture": "#1"},
				"south": {"uv": [0, 0, 0.25, 0.25], "texture": "#1"},
				"west": {"uv": [0, 0, 0.25, 0.25], "texture": "#1"},
				"up": {"uv": [0, 0, 0.25, 0.25], "texture": "#1"},
				"down": {"uv": [0, 0, 0.25, 0.25], "texture": "#1"}
			}
		},
		{
			"from": [8.25, 12.5, 7],
			"to": [8.5, 12.75, 7.25],
			"rotation": {"angle": 0, "axis": "y", "origin": [7.25, 11, 7]},
			"faces": {
				"north": {"uv": [0, 0, 0.25, 0.25], "texture": "#1"},
				"east": {"uv": [0, 0, 0.25, 0.25], "texture": "#1"},
				"south": {"uv": [0, 0, 0.25, 0.25], "texture": "#1"},
				"west": {"uv": [0, 0, 0.25, 0.25], "texture": "#1"},
				"up": {"uv": [0, 0, 0.25, 0.25], "texture": "#1"},
				"down": {"uv": [0, 0, 0.25, 0.25], "texture": "#1"}
			}
		},
		{
			"from": [9.75, 12.5, 8.5],
			"to": [10, 12.75, 8.75],
			"rotation": {"angle": 0, "axis": "y", "origin": [8.75, 11, 8.5]},
			"faces": {
				"north": {"uv": [0, 0, 0.25, 0.25], "texture": "#1"},
				"east": {"uv": [0, 0, 0.25, 0.25], "texture": "#1"},
				"south": {"uv": [0, 0, 0.25, 0.25], "texture": "#1"},
				"west": {"uv": [0, 0, 0.25, 0.25], "texture": "#1"},
				"up": {"uv": [0, 0, 0.25, 0.25], "texture": "#1"},
				"down": {"uv": [0, 0, 0.25, 0.25], "texture": "#1"}
			}
		},
		{
			"from": [9.75, 12.5, 7],
			"to": [10, 12.75, 7.25],
			"rotation": {"angle": 0, "axis": "y", "origin": [8.75, 11, 7]},
			"faces": {
				"north": {"uv": [0, 0, 0.25, 0.25], "texture": "#1"},
				"east": {"uv": [0, 0, 0.25, 0.25], "texture": "#1"},
				"south": {"uv": [0, 0, 0.25, 0.25], "texture": "#1"},
				"west": {"uv": [0, 0, 0.25, 0.25], "texture": "#1"},
				"up": {"uv": [0, 0, 0.25, 0.25], "texture": "#1"},
				"down": {"uv": [0, 0, 0.25, 0.25], "texture": "#1"}
			}
		},
		{
			"from": [8.75, 13.75, 9],
			"to": [9.5, 14, 10],
			"rotation": {"angle": 0, "axis": "y", "origin": [8.25, 13.25, 8.25]},
			"faces": {
				"north": {"uv": [0, 0, 0.75, 0.25], "texture": "#1"},
				"east": {"uv": [0, 0, 1, 0.25], "texture": "#1"},
				"south": {"uv": [0, 0, 0.75, 0.25], "texture": "#1"},
				"west": {"uv": [0, 0, 1, 0.25], "texture": "#1"},
				"up": {"uv": [0, 0, 0.75, 1], "texture": "#1"},
				"down": {"uv": [0, 0, 0.75, 1], "texture": "#1"}
			}
		},
		{
			"from": [9, 13.25, 9.25],
			"to": [9.25, 13.5, 9.5],
			"rotation": {"angle": 0, "axis": "y", "origin": [8.25, 12.75, 8.25]},
			"faces": {
				"north": {"uv": [0, 0.25, 0, 0.25], "texture": "#3"},
				"east": {"uv": [0, 0.25, 0, 0.25], "texture": "#3"},
				"south": {"uv": [0, 0.25, 0, 0.25], "texture": "#3"},
				"west": {"uv": [0, 0.25, 0, 0.25], "texture": "#3"},
				"up": {"uv": [0, 0.25, 0, 0.25], "texture": "#3"},
				"down": {"uv": [0, 0.25, 0, 0.25], "texture": "#3"}
			}
		},
		{
			"from": [9.5, 12.75, 9],
			"to": [9.75, 13.75, 10],
			"rotation": {"angle": 0, "axis": "y", "origin": [9, 12.5, 8.25]},
			"faces": {
				"north": {"uv": [0, 0, 0.25, 1], "texture": "#1"},
				"east": {"uv": [0, 0, 1, 1], "texture": "#1"},
				"south": {"uv": [0, 0, 0.25, 1], "texture": "#1"},
				"west": {"uv": [0, 0, 1, 1], "texture": "#1"},
				"up": {"uv": [0, 0, 0.25, 1], "texture": "#1"},
				"down": {"uv": [0, 0, 0.25, 1], "texture": "#1"}
			}
		},
		{
			"from": [8.5, 12.75, 9],
			"to": [8.75, 13.75, 10],
			"rotation": {"angle": 0, "axis": "y", "origin": [7.5, 12.5, 8.25]},
			"faces": {
				"north": {"uv": [0, 0, 0.25, 1], "texture": "#1"},
				"east": {"uv": [0, 0, 1, 1], "texture": "#1"},
				"south": {"uv": [0, 0, 0.25, 1], "texture": "#1"},
				"west": {"uv": [0, 0, 1, 1], "texture": "#1"},
				"up": {"uv": [0, 0, 0.25, 1], "texture": "#1"},
				"down": {"uv": [0, 0, 0.25, 1], "texture": "#1"}
			}
		}
	],
	"display": {
		"thirdperson_righthand": {
			"translation": [0, 0, -1.5],
			"scale": [0.50977, 0.50977, 0.50977]
		},
		"thirdperson_lefthand": {
			"translation": [0, 0, -1.5],
			"scale": [0.50977, 0.50977, 0.50977]
		},
		"firstperson_righthand": {
			"translation": [0.5, 0.5, -4],
			"scale": [0.78906, 0.78906, 0.78906]
		},
		"firstperson_lefthand": {
			"translation": [-8.17, 4.05, 5.25],
			"scale": [0.78906, 0.78906, 0.78906]
		},
		"ground": {
			"scale": [0.55469, 0.55469, 0.55469]
		},
		"gui": {
			"rotation": [0, -90, 0],
			"translation": [-0.75, 0, 0],
			"scale": [0.35352, 0.35352, 0.35352]
		},
		"fixed": {
			"rotation": [0, -90, 0],
			"translation": [-0.75, 0, 0],
			"scale": [0.35352, 0.35352, 0.35352]
		}
	}
}