{
    "targets": [
        "swap",
        "previous"
    ],
    "passes": [
        {
            "name": "phosphor",
            "intarget": "minecraft:main",
            "outtarget": "swap",
            "auxtargets": [
                {
                    "name": "PrevSampler",
                    "id": "previous"
                }
            ],
            "uniforms": [
                {
                    "name": "Phosphor",
                    "values": [ 0.01, 0.01, 0.01 ]
                }
            ]
        },
        {
            "name": "blit",
            "intarget": "swap",
            "outtarget": "previous"
        },
        {
            "name": "blit",
            "intarget": "swap",
            "outtarget": "minecraft:main"
        }
    ]
}
